gamesPlayed,wins,losses,ot,pts,ptPctg,goalsPerGame,goalsAgainstPerGame,evGGARatio,powerPlayPercentage,powerPlayGoals,powerPlayGoalsAgainst,powerPlayOpportunities,penaltyKillPercentage,shotsPerGame,shotsAllowed,winScoreFirst,winOppScoreFirst,winLeadFirstPer,winLeadSecondPer,winOutshootOpp,winOutshotByOpp,faceOffsTaken,faceOffsWon,faceOffsLost,faceOffWinPercentage,shootingPctg,savePctg,Team,Year
82,48,19,3,111,67.7,3.598,2.378,1.1969,22.9,71,49,310,84.7,31.5854,24.6829,0.727,0.421,0.839,0.921,0.583,0.684,5259,2597,2662,49.4,11.4,0.904,New Jersey Devils,2001
82,41,28,4,95,57.9,2.5,2.28,1.1969,16.9,44,43,261,83.8,29.8171,23.1707,0.714,0.275,0.75,0.774,0.452,0.632,5156,2553,2603,49.5,8.4,0.902,New Jersey Devils,2002
82,46,20,6,108,65.9,2.634,2.024,1.3684,11.9,36,32,303,87.9,31.7195,23.5732,0.708,0.353,0.821,0.846,0.523,0.692,5002,2535,2467,50.7,8.3,0.914,New Jersey Devils,2003
82,43,25,2,100,61,2.598,2,1.2636,16.4,51,39,312,85.3,29.6707,24.4024,0.771,0.176,0.821,0.842,0.559,0.5,4916,2419,2497,49.2,8.8,0.918,New Jersey Devils,2004
82,46,27,9,101,61.6,2.841,2.744,0.986,17.8,78,63,439,81.9,29.2073,29.3049,0.696,0.389,0.844,0.886,0.543,0.512,4691,2322,2369,49.5,9.7,0.906,New Jersey Devils,2006
82,49,24,9,107,65.2,2.512,2.354,0.9481,17.7,65,40,367,85.2,28.7073,28.439,0.739,0.417,0.783,0.912,0.711,0.538,4350,2132,2218,49,8.8,0.917,New Jersey Devils,2007
82,46,29,7,99,60.4,2.415,2.354,1.0246,15.6,50,54,320,82.8,28.8049,27.5244,0.725,0.405,0.806,0.879,0.609,0.514,4286,2160,2126,50.4,8.4,0.914,New Jersey Devils,2008
82,51,27,4,106,64.6,2.902,2.524,1.252,18.9,58,65,307,79.9,32.9024,29.4512,0.841,0.368,0.794,0.951,0.694,0.533,4602,2359,2243,51.3,8.8,0.914,New Jersey Devils,2009
82,48,27,7,103,62.8,2.634,2.268,1.0896,18.7,51,41,273,82.8,29.9878,26.9878,0.733,0.405,0.813,0.943,0.542,0.7,4244,2098,2146,49.4,8.8,0.916,New Jersey Devils,2010
82,38,39,5,81,49.4,2.085,2.524,0.8027,14.3,34,40,237,83.4,28.5854,26.2439,0.692,0.256,0.76,0.917,0.386,0.545,4271,2186,2085,51.2,7.3,0.904,New Jersey Devils,2011
82,48,28,6,102,62.2,2.634,2.5,0.9333,17.2,46,27,267,89.6,27.4756,26.8171,0.727,0.421,0.769,0.853,0.571,0.545,4451,2095,2356,47.1,9.6,0.907,New Jersey Devils,2012
48,19,19,10,48,50,2.292,2.542,0.8553,15.3,27,32,176,81.1,28.375,23.125,0.737,0.172,0.727,0.75,0.457,0.25,2779,1339,1440,48.2,8.1,0.89,New Jersey Devils,2013
82,35,29,18,88,53.7,2.402,2.378,0.9275,19.5,47,36,241,86.4,26.8171,25.4756,0.682,0.132,0.667,0.759,0.467,0.364,4624,2174,2450,47,9,0.907,New Jersey Devils,2014
82,32,36,14,78,47.6,2.146,2.549,0.9297,19.3,41,52,212,80.6,24.4878,30.7073,0.533,0.216,0.593,0.781,0.235,0.438,4659,2203,2456,47.3,8.8,0.917,New Jersey Devils,2015
82,38,36,8,84,51.2,2.22,2.463,0.8195,19.9,51,45,256,83,24.4268,28.6463,0.771,0.234,0.826,0.958,0.4,0.5,4701,2183,2518,46.4,9.1,0.914,New Jersey Devils,2016
82,28,40,14,70,42.7,2.195,2.939,0.7651,17.5,44,53,251,79.6,27.7927,31.3659,0.463,0.22,0.44,0.704,0.481,0.275,4920,2422,2498,49.2,7.9,0.906,New Jersey Devils,2017
82,44,29,9,97,59.1,2.963,2.927,0.9581,21.4,54,47,252,81.8,31.6951,31.9024,0.692,0.395,0.739,0.941,0.457,0.6,5046,2371,2675,47,9.3,0.908,New Jersey Devils,2018
82,31,41,10,72,43.9,2.671,3.305,0.7989,17.7,45,40,254,84.3,30.3415,31.6098,0.543,0.167,0.63,0.815,0.429,0.372,4900,2418,2482,49.4,8.8,0.895,New Jersey Devils,2019
69,28,29,12,68,49.3,2.681,3.246,0.7821,17.9,42,39,234,82.3,30.6812,32.6957,0.484,0.342,0.5,0.704,0.417,0.381,3990,1869,2121,46.8,8.7,0.901,New Jersey Devils,2020
56,19,30,7,45,40.2,2.589,3.375,0.8293,14.2,22,43,155,71,28.7857,31.0179,0.552,0.111,0.737,0.733,0.211,0.417,3180,1481,1699,46.6,9,0.891,New Jersey Devils,2021
82,21,51,3,52,31.7,2.256,3.268,1.0069,13.2,51,79,386,82.2,27.5244,29,0.486,0.085,0.5,0.684,0.243,0.273,5386,2624,2762,48.7,8.2,0.887,New York Islanders,2001
82,42,28,4,96,58.5,2.915,2.683,1.0069,16.2,59,52,363,85.8,28.2805,27.8659,0.633,0.333,0.719,0.857,0.459,0.564,5579,2884,2695,51.7,10.3,0.904,New York Islanders,2002
82,35,34,2,83,50.6,2.732,2.817,0.9929,15.1,58,67,384,83.5,29.5976,28.2683,0.568,0.311,0.654,0.824,0.447,0.4,5606,2864,2742,51.1,9.2,0.9,New York Islanders,2003
82,38,29,4,91,55.5,2.89,2.561,1.1049,16.7,54,52,323,85.5,28.5488,27.3659,0.692,0.256,0.7,0.839,0.524,0.405,5335,2631,2704,49.3,10.1,0.906,New York Islanders,2004
82,36,40,6,78,47.6,2.695,3.354,0.9097,16.9,76,99,450,79.2,30.2561,31.0854,0.649,0.267,0.64,0.852,0.471,0.422,4987,2427,2560,48.7,8.9,0.892,New York Islanders,2006
82,40,30,12,92,56.1,2.927,2.866,1.1818,18.1,63,79,348,81.8,29.9878,32.5854,0.738,0.225,0.821,0.829,0.533,0.46,4864,2512,2352,51.6,9.8,0.912,New York Islanders,2007
82,35,38,9,79,48.2,2.305,2.927,0.8905,14.6,48,68,330,81.9,29.6951,30.3415,0.684,0.205,0.696,0.88,0.361,0.467,4617,2357,2260,51,7.8,0.904,New York Islanders,2008
82,26,47,9,61,37.2,2.415,3.341,0.6833,16.9,54,73,320,79.8,28.9268,33.5488,0.541,0.133,0.429,0.7,0.375,0.296,4774,2180,2594,45.7,8.3,0.9,New York Islanders,2009
82,34,37,11,79,48.2,2.61,3.146,0.8333,16,49,71,306,76.3,30.4024,31.939,0.641,0.209,0.6,0.794,0.405,0.462,4687,2261,2426,48.2,8.6,0.901,New York Islanders,2010
82,30,39,13,73,44.5,2.744,3.146,0.8068,17.2,52,52,302,83.2,29.3659,31.9512,0.69,0.189,0.722,0.704,0.219,0.469,4862,2438,2424,50.1,9.3,0.902,New York Islanders,2011
82,34,37,11,79,48.2,2.39,3.061,0.743,18.5,45,46,243,80.5,29.3902,30.1098,0.575,0.262,0.64,0.679,0.415,0.405,4560,2189,2371,48,8.1,0.898,New York Islanders,2012
48,24,17,7,55,57.3,2.813,2.833,0.9792,19.9,31,28,156,80.3,30.9375,28.1667,0.739,0.28,0.813,0.842,0.556,0.4,2754,1369,1385,49.7,9.1,0.899,New York Islanders,2013
82,34,37,11,79,48.2,2.634,3.183,0.8343,17.8,49,58,276,78.1,30.939,30.0488,0.5,0.354,0.556,0.556,0.375,0.432,4896,2310,2586,47.2,8.5,0.894,New York Islanders,2014
82,47,28,7,101,61.6,2.988,2.732,1.0802,18.7,50,48,267,78,33.7927,28.3049,0.592,0.545,0.667,0.781,0.607,0.476,4880,2402,2478,49.2,8.8,0.903,New York Islanders,2015
82,45,27,10,100,61,2.768,2.573,1.0544,18.3,42,36,229,84.5,29.4146,30.4268,0.707,0.39,0.846,0.879,0.588,0.476,4654,2331,2323,50.1,9.4,0.915,New York Islanders,2016
82,41,29,12,94,57.3,2.915,2.902,1.0471,15,35,41,234,81.9,30.2439,31.9024,0.614,0.368,0.724,0.857,0.559,0.452,4741,2261,2480,47.7,9.6,0.909,New York Islanders,2017
82,35,37,10,80,48.8,3.183,3.573,0.9316,23.2,58,63,250,73.2,31.3659,35.5854,0.605,0.273,0.708,0.862,0.345,0.481,4919,2404,2515,48.9,10.1,0.9,New York Islanders,2018
82,48,27,7,103,62.8,2.72,2.329,1.2756,14.5,33,44,227,79.9,28.7805,30.9024,0.689,0.459,0.71,0.85,0.531,0.646,4477,2124,2353,47.4,9.4,0.925,New York Islanders,2019
68,35,23,10,80,58.8,2.779,2.794,0.9474,17.3,29,34,168,80.7,29.6471,31.2206,0.639,0.375,0.714,0.885,0.481,0.55,3617,1803,1814,49.9,9.4,0.911,New York Islanders,2020
56,32,17,7,71,63.4,2.714,2.232,1.2418,18.8,27,22,144,83.7,28.9821,28.3929,0.821,0.321,0.833,0.842,0.69,0.44,2916,1498,1418,51.4,9.4,0.921,New York Islanders,2021
82,33,43,1,72,43.9,3.049,3.537,0.9874,17.9,65,86,363,78.5,28.5976,31.4024,0.65,0.167,0.64,0.844,0.379,0.4,5220,2671,2549,51.2,10.7,0.887,New York Rangers,2001
82,36,38,4,80,48.8,2.768,3.146,0.9874,14.7,48,80,326,79.9,29.1707,31.9268,0.781,0.22,0.762,0.923,0.457,0.426,5554,2816,2738,50.7,9.5,0.901,New York Rangers,2002
82,32,36,4,78,47.6,2.561,2.817,1.0543,16.2,55,73,339,81.2,30.061,29.5854,0.476,0.3,0.6,0.87,0.35,0.429,5334,2844,2490,53.3,8.5,0.905,New York Rangers,2003
82,27,40,8,69,42.1,2.512,3.049,0.9467,14.3,46,80,322,79.4,29.4634,29.2195,0.5,0.167,0.708,0.786,0.317,0.342,5100,2619,2481,51.4,8.5,0.896,New York Rangers,2004
82,44,26,12,100,61,3.049,2.573,1.2793,18.9,83,79,440,83.7,29.8537,28.7561,0.702,0.314,0.829,0.853,0.512,0.553,4587,2178,2409,47.5,10.2,0.911,New York Rangers,2006
82,42,30,10,94,57.3,2.841,2.573,1.1024,18.5,75,65,406,83.8,31.5366,28.4024,0.667,0.324,0.645,0.771,0.469,0.594,4640,2317,2323,49.9,9,0.909,New York Rangers,2007
82,42,27,13,97,59.1,2.5,2.317,1.1391,16.5,61,53,370,84.5,31.4512,25.9024,0.681,0.286,0.758,0.871,0.5,0.5,4417,2310,2107,52.3,7.9,0.911,New York Rangers,2008
82,43,30,9,95,57.9,2.439,2.585,0.8966,13.9,48,40,346,87.8,32.4146,29.6707,0.667,0.375,0.609,0.844,0.468,0.594,4547,2312,2235,50.9,7.5,0.913,New York Rangers,2009
82,38,33,11,87,53,2.671,2.61,1.0643,18.3,55,50,301,84.3,29.5732,29.878,0.618,0.354,0.692,0.842,0.447,0.463,4545,2235,2310,49.2,9,0.913,New York Rangers,2010
82,44,33,5,93,56.7,2.732,2.378,1.0949,16.9,49,42,290,83.7,29.9146,29.3902,0.683,0.39,0.739,1,0.5,0.618,4599,2195,2404,47.7,9.1,0.919,New York Rangers,2011
82,51,24,7,109,66.5,2.707,2.22,1.1364,15.7,44,36,280,86.2,28.5122,27.8171,0.814,0.41,0.778,0.909,0.682,0.556,4577,2286,2291,50,9.5,0.92,New York Rangers,2012
48,26,18,4,56,58.3,2.625,2.25,1.3,15.7,24,28,153,81.1,30.8958,28.1875,0.857,0.296,0.929,1,0.556,0.524,2820,1410,1410,50,8.5,0.92,New York Rangers,2013
82,45,31,6,96,58.5,2.61,2.317,1.0677,18.2,48,34,264,85.3,33.1585,29.4146,0.816,0.318,0.769,0.903,0.537,0.591,4909,2397,2512,48.8,7.9,0.921,New York Rangers,2014
82,53,22,7,113,68.9,3.024,2.28,1.3188,16.8,39,37,232,84.3,31.4878,29.4878,0.82,0.375,0.853,0.973,0.625,0.656,4917,2298,2619,46.7,9.6,0.923,New York Rangers,2015
82,46,27,9,101,61.6,2.841,2.622,1.2636,18.6,42,53,226,78.2,28.4878,30.4146,0.767,0.333,0.806,0.875,0.556,0.545,4703,2313,2390,49.2,10,0.914,New York Rangers,2016
82,48,28,6,102,62.2,3.085,2.634,1.0844,20.2,47,45,233,79.8,29.7317,30.061,0.667,0.486,0.741,0.871,0.463,0.7,4864,2353,2511,48.4,10.4,0.912,New York Rangers,2017
82,34,39,9,77,47,2.78,3.207,0.8242,21.2,51,46,241,81.4,30.9512,35.3415,0.667,0.217,0.625,0.957,0.4,0.42,4838,2384,2454,49.3,9,0.909,New York Rangers,2018
82,32,36,14,78,47.6,2.695,3.256,0.8382,19.4,44,58,227,78.2,29.1829,33.8293,0.432,0.356,0.526,0.722,0.462,0.357,4663,2188,2475,46.9,9.2,0.904,New York Rangers,2019
70,37,28,5,79,56.4,3.329,3.143,1.049,22.9,52,52,227,77.4,31.0714,34.0143,0.625,0.4,0.741,0.889,0.444,0.585,3862,1799,2063,46.6,10.7,0.908,New York Rangers,2020
56,27,23,6,60,53.6,3.143,2.768,1.0943,20.7,37,30,179,82.2,28.6964,29.7143,0.7,0.231,0.739,0.808,0.545,0.484,3026,1346,1680,44.5,11,0.907,New York Rangers,2021
82,43,25,3,100,61,2.927,2.524,1.3468,15.7,55,55,350,82.5,29.9024,26.1463,0.66,0.313,0.667,0.816,0.447,0.618,5444,2739,2705,50.3,9.8,0.903,Philadelphia Flyers,2001
82,42,27,3,97,59.1,2.854,2.341,1.3468,13,39,40,300,86.3,29.7805,26.0854,0.617,0.371,0.7,0.744,0.509,0.538,5330,2661,2669,49.9,9.6,0.91,Philadelphia Flyers,2002
82,45,20,4,107,65.2,2.573,2.024,1.449,14.3,47,50,328,85.2,30.939,24.622,0.744,0.372,0.864,0.882,0.589,0.478,5065,2646,2419,52.2,8.3,0.918,Philadelphia Flyers,2003
82,40,21,6,101,61.6,2.793,2.268,1.2522,20.7,65,58,314,83.3,29.4024,25.5122,0.636,0.316,0.793,0.917,0.44,0.533,5081,2555,2526,50.3,9.5,0.911,Philadelphia Flyers,2004
82,45,26,11,101,61.6,3.207,3.085,1.0435,18,80,97,444,79.1,31.122,28.9268,0.689,0.378,0.767,0.769,0.58,0.517,4819,2384,2435,49.5,10.3,0.893,Philadelphia Flyers,2006
82,22,48,12,56,34.1,2.598,3.622,0.665,14.1,53,65,376,84.5,28.7927,32.5976,0.5,0.135,0.625,0.923,0.281,0.265,4842,2279,2563,47.1,9,0.889,Philadelphia Flyers,2007
82,42,29,11,95,57.9,2.988,2.768,0.9007,21.8,84,65,385,83.2,28.7683,31.8171,0.674,0.333,0.773,0.882,0.633,0.438,4900,2416,2484,49.3,10.4,0.913,Philadelphia Flyers,2008
82,44,27,11,99,60.4,3.171,2.829,1.0066,22.5,71,67,316,83,29.7683,32.5366,0.674,0.385,0.821,0.844,0.469,0.619,4922,2379,2543,48.3,10.7,0.913,Philadelphia Flyers,2009
82,41,35,6,88,53.7,2.829,2.707,0.9724,21.4,68,57,317,83,31.5732,28.6098,0.673,0.242,0.786,0.882,0.449,0.556,4823,2415,2408,50.1,9,0.905,Philadelphia Flyers,2010
82,47,23,12,106,64.6,3.122,2.634,1.2069,16.6,49,54,295,82.8,31.7683,30.1341,0.68,0.406,0.735,0.864,0.548,0.571,4938,2484,2454,50.3,9.8,0.913,Philadelphia Flyers,2011
82,47,26,9,103,62.8,3.171,2.744,1.1275,19.7,66,58,335,81.8,32.2073,28.4024,0.75,0.435,0.867,0.892,0.564,0.593,4825,2331,2494,48.3,9.8,0.903,Philadelphia Flyers,2012
48,23,22,3,49,51,2.75,2.896,0.8646,21.6,37,26,171,85.9,29.0417,28.5625,0.692,0.227,0.765,0.85,0.52,0.45,2901,1408,1493,48.5,9.5,0.899,Philadelphia Flyers,2013
82,42,30,10,94,57.3,2.841,2.768,0.9618,19.7,58,48,294,84.8,30.3659,30.5854,0.744,0.302,0.75,0.829,0.564,0.476,5011,2504,2507,50,9.4,0.909,Philadelphia Flyers,2014
82,33,31,18,84,51.2,2.585,2.72,1.0073,23.4,60,61,256,77.1,29.4268,30.2561,0.688,0.22,0.731,0.864,0.475,0.341,5027,2571,2456,51.1,8.8,0.91,Philadelphia Flyers,2015
82,41,27,14,96,58.5,2.573,2.561,1.0231,18.9,53,51,280,80.5,30.9756,30.7195,0.658,0.364,0.765,0.903,0.66,0.294,4961,2530,2431,51,8.3,0.917,Philadelphia Flyers,2016
82,39,33,10,88,53.7,2.585,2.817,0.8312,19.5,54,50,277,79.8,31.5244,28.4634,0.588,0.396,0.8,0.826,0.46,0.5,4857,2539,2318,52.3,8.2,0.901,Philadelphia Flyers,2017
82,42,26,14,98,59.8,3.037,2.878,1.0897,20.7,54,54,261,75.8,32.0854,29.8537,0.657,0.404,0.667,0.829,0.5,0.5,4812,2563,2249,53.3,9.5,0.904,Philadelphia Flyers,2018
82,37,37,8,82,50,2.939,3.415,0.8639,17.1,40,51,234,78.5,31.5,32.5,0.656,0.32,0.773,0.839,0.306,0.548,4818,2637,2181,54.7,9.3,0.895,Philadelphia Flyers,2019
69,41,21,7,89,64.5,3.29,2.768,1.1333,20.8,47,38,226,81.8,31.3913,28.6522,0.718,0.433,0.85,0.935,0.537,0.654,3954,2159,1795,54.6,10.5,0.903,Philadelphia Flyers,2020
56,25,23,8,58,51.8,2.857,3.518,0.806,19.2,32,45,167,73,30.2143,29.2143,0.609,0.333,0.769,0.833,0.441,0.455,3217,1738,1479,54,9.5,0.88,Philadelphia Flyers,2021
82,42,28,3,96,58.5,3.427,3.122,0.7738,20.3,76,78,375,80.7,29.1951,29.2317,0.667,0.391,0.733,0.897,0.512,0.486,5260,2457,2803,46.7,11.7,0.893,Pittsburgh Penguins,2001
82,28,41,5,69,42.1,2.415,3.037,0.7738,14,47,57,335,83.8,27.0122,29.1951,0.516,0.235,0.579,0.8,0.364,0.289,5484,2583,2901,47.1,8.9,0.896,Pittsburgh Penguins,2002
82,27,44,5,65,39.6,2.305,3.11,0.6279,18.3,66,58,360,83.5,25.3537,30.9146,0.475,0.19,0.6,0.87,0.4,0.305,5472,2706,2766,49.5,9.1,0.899,Pittsburgh Penguins,2003
82,23,47,4,58,35.4,2.317,3.695,0.5956,18.1,65,84,360,77.2,24.7439,33.1707,0.581,0.098,0.5,0.636,0.421,0.242,5548,2620,2928,47.2,9.4,0.889,Pittsburgh Penguins,2004
82,22,46,14,58,35.4,2.963,3.78,0.8258,19,94,113,495,78.8,28.0122,33.2073,0.594,0.06,0.722,0.81,0.32,0.25,4951,2274,2677,45.9,10.6,0.886,Pittsburgh Penguins,2006
82,47,24,11,105,64,3.256,2.927,1.036,20.3,94,75,463,82.1,28.8537,30.8537,0.674,0.462,0.676,0.848,0.645,0.543,4808,2259,2549,47,11.3,0.905,Pittsburgh Penguins,2007
82,47,27,8,102,62.2,2.927,2.585,1.1429,20.4,77,68,378,81,27.6707,30.7683,0.725,0.429,0.808,0.9,0.71,0.48,4687,2161,2526,46.1,10.6,0.916,Pittsburgh Penguins,2008
82,45,28,9,99,60.4,3.146,2.841,1.1761,17.2,62,60,360,82.7,29.0366,30.2927,0.652,0.417,0.655,0.758,0.657,0.463,4705,2310,2395,49.1,10.8,0.906,Pittsburgh Penguins,2009
82,47,28,7,101,61.6,3.037,2.866,1.0745,17.2,56,52,326,84.1,32.7805,28.6585,0.683,0.463,0.769,0.848,0.571,0.517,4754,2342,2412,49.3,9.3,0.9,Pittsburgh Penguins,2010
82,49,25,8,106,64.6,2.78,2.39,1.1128,15.8,49,45,311,86.1,31.4878,28.6829,0.756,0.439,0.793,0.889,0.566,0.654,4732,2329,2403,49.2,8.8,0.917,Pittsburgh Penguins,2011
82,51,25,6,108,65.9,3.329,2.659,1.1728,19.7,57,33,289,87.8,33.8902,27.4024,0.745,0.457,0.706,0.914,0.586,0.708,4957,2500,2457,50.4,9.8,0.903,Pittsburgh Penguins,2012
48,36,12,0,72,75,3.375,2.479,1.3544,24.7,42,34,170,79.6,29.9583,29.2292,0.806,0.647,0.84,0.95,0.808,0.7,2893,1489,1404,51.5,11.3,0.915,Pittsburgh Penguins,2013
82,51,24,7,109,66.5,2.951,2.488,1.0467,23.4,65,38,278,85,29.9268,28.7683,0.841,0.368,0.893,0.861,0.614,0.629,4796,2445,2351,51,9.9,0.914,Pittsburgh Penguins,2014
82,43,27,12,98,59.8,2.646,2.488,1.0882,19.3,49,42,254,84.8,31.6341,29.2805,0.673,0.303,0.735,0.882,0.587,0.485,4883,2396,2487,49.1,8.4,0.915,Pittsburgh Penguins,2015
82,48,26,8,104,63.4,2.939,2.427,1.2308,18.4,48,40,261,84.4,33.1951,29.7073,0.811,0.4,0.909,1,0.586,0.565,5169,2593,2576,50.2,8.9,0.918,Pittsburgh Penguins,2016
82,50,21,11,111,67.7,3.39,2.793,1.2333,23.1,60,52,260,79.8,33.4756,32.5732,0.638,0.571,0.778,0.949,0.705,0.529,5154,2452,2702,47.6,10.1,0.914,Pittsburgh Penguins,2017
82,47,29,6,100,61,3.293,3.024,0.9148,26.1,68,53,260,80,34.4268,31.1341,0.702,0.4,0.821,0.923,0.64,0.483,5118,2572,2546,50.2,9.6,0.903,Pittsburgh Penguins,2018
82,44,26,12,100,61,3.305,2.902,1.2133,24.6,56,45,228,79.7,33.3049,33.2805,0.596,0.457,0.75,0.923,0.417,0.634,4908,2482,2426,50.6,9.9,0.913,Pittsburgh Penguins,2019
69,40,23,6,86,62.3,3.203,2.841,1.1014,19.9,42,34,211,82.1,31.942,29.7246,0.781,0.405,0.826,0.862,0.55,0.625,3974,1942,2032,48.9,10,0.904,Pittsburgh Penguins,2020
56,37,16,3,77,68.8,3.446,2.768,1.27,23.7,36,35,152,77.4,30.0714,29.9821,0.793,0.519,0.846,0.926,0.655,0.68,3191,1573,1618,49.3,11.5,0.908,Pittsburgh Penguins,2021
82,36,30,8,88,53.7,2.768,3.037,1.1898,16.4,64,65,390,82.8,28.7683,26.7195,0.649,0.267,0.76,0.862,0.449,0.387,5398,2658,2740,49.2,9.6,0.886,Boston Bruins,2001
82,43,24,9,101,61.6,2.878,2.451,1.1898,13.8,39,45,283,87.1,31.6585,25.0854,0.708,0.265,0.806,0.769,0.55,0.526,5212,2499,2713,48,9.1,0.902,Boston Bruins,2002
82,36,31,4,87,53,2.988,2.89,1.0667,18.1,59,65,325,82.7,32.1463,28.3171,0.675,0.214,0.75,0.839,0.439,0.435,5464,2709,2755,49.6,9.3,0.898,Boston Bruins,2003
82,41,19,7,104,63.4,2.549,2.293,1.3143,16,48,55,300,83.6,30.4878,27.8049,0.588,0.438,0.842,0.774,0.6,0.355,5384,2807,2577,52.1,8.4,0.918,Boston Bruins,2004
82,29,37,16,74,45.1,2.78,3.146,0.9412,14.8,62,78,418,83.7,30.622,32.1098,0.525,0.19,0.556,0.697,0.419,0.32,5125,2667,2458,52,9.1,0.902,Boston Bruins,2006
82,35,41,6,76,46.3,2.561,3.476,0.7143,17.2,71,81,412,81.7,28.9024,33.5122,0.581,0.256,0.607,0.72,0.536,0.373,5098,2464,2634,48.3,8.9,0.896,Boston Bruins,2007
82,41,29,12,94,57.3,2.512,2.622,1.0492,17.6,56,71,319,78.6,28.5244,30.4634,0.714,0.275,0.724,0.886,0.486,0.477,4699,2309,2390,49.1,8.8,0.914,Boston Bruins,2008
82,53,19,10,116,70.7,3.293,2.317,1.425,23.6,74,54,313,82.3,30.2683,30.7927,0.723,0.543,0.794,0.884,0.538,0.744,4680,2386,2294,51,10.9,0.925,Boston Bruins,2009
82,39,30,13,91,55.5,2.39,2.329,0.951,16.6,44,37,265,86.4,31.6951,29.8171,0.7,0.262,0.731,0.786,0.532,0.345,4640,2441,2199,52.6,7.5,0.922,Boston Bruins,2010
82,46,25,11,103,62.8,2.976,2.305,1.4048,16.2,43,46,265,82.6,32.878,32.7073,0.714,0.4,0.8,0.882,0.512,0.595,4791,2485,2306,51.9,9.1,0.93,Boston Bruins,2011
82,49,29,4,102,62.2,3.171,2.427,1.3219,17.2,43,43,250,83.5,32.3537,29.7683,0.861,0.391,0.92,1,0.52,0.719,4829,2633,2196,54.5,9.8,0.918,Boston Bruins,2012
48,28,14,6,62,64.6,2.646,2.208,1.28,14.8,18,21,122,87.1,32.4375,28.6042,0.731,0.409,0.765,0.652,0.576,0.538,2846,1605,1241,56.4,8.2,0.923,Boston Bruins,2013
82,54,19,9,117,71.3,3.146,2.085,1.5299,21.7,50,43,230,83.7,31.8659,29.0854,0.837,0.394,0.793,0.911,0.609,0.733,4995,2577,2418,51.6,9.9,0.928,Boston Bruins,2014
82,41,27,14,96,58.5,2.549,2.451,1.0357,17.8,38,44,213,82,31.0488,29.8659,0.674,0.308,0.742,0.871,0.512,0.471,5009,2686,2323,53.6,8.2,0.918,Boston Bruins,2015
82,42,31,9,93,56.7,2.878,2.78,1.0596,20.5,48,48,234,82.2,31.9512,30.3659,0.681,0.286,0.771,0.848,0.478,0.515,5140,2592,2548,50.4,9,0.908,Boston Bruins,2016
82,44,31,7,95,57.9,2.829,2.549,0.966,21.7,53,38,244,85.7,33.1829,26.7561,0.696,0.333,0.742,0.944,0.508,0.619,5045,2686,2359,53.2,8.5,0.905,Boston Bruins,2017
82,50,20,12,112,68.3,3.256,2.573,1.2029,23.6,61,40,259,83.7,32.9634,29.2561,0.784,0.467,0.857,0.892,0.68,0.577,5078,2577,2501,50.8,9.9,0.912,Boston Bruins,2018
82,49,24,9,107,65.2,3.134,2.585,1.2266,25.9,65,49,251,79.9,32.6829,29.4634,0.739,0.417,0.806,0.838,0.563,0.625,4840,2455,2385,50.7,9.6,0.912,Boston Bruins,2019
70,44,14,12,100,71.4,3.243,2.386,1.3429,25.2,57,34,226,84.3,32.1,30.0429,0.634,0.621,0.75,0.8,0.61,0.654,3971,2024,1947,51,10.1,0.921,Boston Bruins,2020
56,33,16,7,73,65.2,2.929,2.393,1.1383,21.9,35,25,160,86,33.3214,27.0714,0.735,0.364,0.909,0.885,0.615,0.467,3169,1751,1418,55.2,8.8,0.912,Boston Bruins,2021
82,46,30,1,98,59.8,2.659,2.244,0.9645,16.1,60,40,373,88,26.878,26.7683,0.76,0.25,0.862,0.947,0.61,0.5,5306,2653,2653,50,9.9,0.916,Buffalo Sabres,2001
82,35,35,1,82,50,2.598,2.439,0.9645,13.3,50,41,375,86.5,27.9878,25.8537,0.636,0.184,0.657,0.829,0.372,0.5,5468,2591,2877,47.4,9.3,0.906,Buffalo Sabres,2002
82,27,37,8,72,43.9,2.317,2.671,0.8417,14.4,51,53,354,85.4,28.5976,28.0122,0.474,0.205,0.542,0.593,0.324,0.357,5336,2674,2662,50.1,8.1,0.905,Buffalo Sabres,2003
82,37,34,4,85,51.8,2.683,2.695,0.9521,15.8,58,53,367,84.8,28.061,28.5366,0.609,0.25,0.72,0.774,0.564,0.341,5618,2823,2795,50.2,9.6,0.906,Buffalo Sabres,2004
82,52,24,6,110,67.1,3.366,2.854,1.0137,21.2,101,59,477,86.6,30.6098,30.5122,0.8,0.432,0.875,0.892,0.689,0.576,5058,2512,2546,49.7,11,0.906,Buffalo Sabres,2006
82,53,22,7,113,68.9,3.634,2.902,1.4266,17.4,71,72,407,81.3,29.4756,31,0.729,0.529,0.893,0.848,0.676,0.643,5062,2602,2460,51.4,12.3,0.906,Buffalo Sabres,2007
82,39,31,12,90,54.9,3.061,2.841,1.0872,18,66,56,366,83.2,30.2195,28.3659,0.676,0.311,0.792,0.8,0.523,0.394,4683,2278,2405,48.6,10.1,0.9,Buffalo Sabres,2008
82,41,32,9,91,55.5,2.951,2.793,1.0476,20.9,75,61,358,81.8,30.5488,31.4024,0.659,0.316,0.722,0.794,0.417,0.545,4723,2239,2484,47.4,9.7,0.911,Buffalo Sabres,2009
82,45,27,10,100,61,2.817,2.451,1.0966,17.6,55,38,313,86.6,31.561,31.378,0.756,0.341,0.778,1,0.457,0.643,4665,2269,2396,48.6,8.9,0.922,Buffalo Sabres,2010
82,43,29,10,96,58.5,2.927,2.78,1.1379,19.4,54,51,279,83,32.8049,30.6585,0.658,0.409,0.69,0.833,0.435,0.629,4724,2252,2472,47.7,8.9,0.909,Buffalo Sabres,2011
82,39,32,11,89,54.3,2.573,2.72,1.0267,17.1,44,47,258,81.7,29.2317,31.3537,0.595,0.35,0.69,0.893,0.548,0.449,4735,2345,2390,49.5,8.8,0.913,Buffalo Sabres,2012
48,21,21,6,48,50,2.458,2.896,0.9011,14.1,23,37,163,79.2,27.8958,33.4583,0.667,0.208,0.6,0.692,0.333,0.5,2898,1340,1558,46.2,8.8,0.913,Buffalo Sabres,2013
82,21,51,10,52,31.7,1.829,2.963,0.5893,14.1,36,51,256,81.4,26.2927,34.3415,0.29,0.235,0.333,0.667,0.214,0.231,4926,2305,2621,46.8,7,0.914,Buffalo Sabres,2014
82,23,51,8,54,32.9,1.866,3.28,0.6099,13.4,30,64,224,75.1,24.1951,35.6098,0.528,0.087,0.563,0.647,0.5,0.246,4884,2195,2689,44.9,7.7,0.908,Buffalo Sabres,2015
82,35,36,11,81,49.4,2.427,2.622,0.8121,18.9,48,38,254,82.6,29.4878,30.622,0.6,0.298,0.696,0.815,0.343,0.5,4915,2427,2488,49.4,8.2,0.914,Buffalo Sabres,2016
82,33,37,12,78,47.6,2.427,2.817,0.8077,24.5,57,53,233,77.6,30.378,34.3049,0.512,0.293,0.536,0.741,0.333,0.434,4929,2445,2484,49.6,8,0.918,Buffalo Sabres,2017
82,25,45,12,62,37.8,2.415,3.39,0.6761,19.1,49,52,257,77.9,31.1829,32.6951,0.541,0.111,0.55,0.727,0.278,0.316,4927,2539,2388,51.5,7.7,0.896,Buffalo Sabres,2018
82,33,39,10,76,46.3,2.695,3.268,0.8324,19.5,46,41,236,80.9,32.8902,32.9756,0.615,0.209,0.655,0.75,0.325,0.463,4872,2334,2538,47.9,8.2,0.901,Buffalo Sabres,2019
69,30,31,8,68,49.3,2.797,3.116,0.9701,18.9,37,47,196,74.6,29.2899,31.1304,0.629,0.235,0.684,0.958,0.387,0.472,3788,1737,2051,45.9,9.5,0.9,Buffalo Sabres,2020
56,15,34,7,37,33,2.393,3.5,0.635,21,30,31,143,77.7,28.4286,33.7321,0.421,0.189,0.364,0.667,0.357,0.244,3053,1514,1539,49.6,8.4,0.896,Buffalo Sabres,2021
82,28,40,6,70,42.7,2.512,2.829,0.9286,16.1,68,60,421,82.2,26.1951,28.0122,0.741,0.145,0.8,0.885,0.368,0.341,5312,2629,2683,49.5,9.6,0.899,Montreal Canadiens,2001
82,36,31,3,87,53,2.524,2.549,0.9286,14.9,45,38,301,86.3,25.5122,31.6707,0.622,0.216,0.704,0.765,0.667,0.365,5309,2803,2506,52.8,9.9,0.92,Montreal Canadiens,2002
82,30,35,9,77,47,2.512,2.854,0.9671,14,44,58,315,81.7,25.8415,32.6585,0.512,0.22,0.533,0.658,0.375,0.344,5141,2708,2433,52.7,9.7,0.913,Montreal Canadiens,2003
82,41,30,4,93,56.7,2.537,2.341,1.0593,17.2,55,55,319,82.5,27.6829,28.5854,0.667,0.226,0.741,0.882,0.564,0.429,5117,2643,2474,51.6,9.2,0.918,Montreal Canadiens,2004
82,42,31,9,93,56.7,2.939,2.976,1.0075,19.2,89,91,463,81.1,30.122,30.5732,0.738,0.275,0.731,0.774,0.553,0.465,4950,2442,2508,49.3,9.8,0.903,Montreal Canadiens,2006
82,42,34,6,90,54.9,2.915,3.061,0.7531,22.8,86,69,378,83.5,29.5854,32.7439,0.742,0.373,0.737,0.867,0.5,0.52,4870,2411,2459,49.5,9.9,0.907,Montreal Canadiens,2007
82,47,25,10,104,63.4,3.134,2.634,1.0571,24.1,90,60,374,82.5,29.061,31.5732,0.776,0.273,0.848,0.865,0.607,0.583,4740,2322,2418,49,10.8,0.917,Montreal Canadiens,2008
82,41,30,11,93,56.7,2.951,2.927,0.9603,19.2,72,65,374,82.4,30.0122,31.7073,0.711,0.318,0.857,0.853,0.5,0.478,4849,2467,2382,50.9,9.8,0.908,Montreal Canadiens,2009
82,39,33,10,88,53.7,2.561,2.659,0.9041,21.8,57,53,261,83,28.6098,32.122,0.718,0.256,0.633,0.839,0.457,0.452,4597,2285,2312,49.7,9,0.917,Montreal Canadiens,2010
82,44,30,8,96,58.5,2.598,2.512,1.0148,19.7,57,51,290,84.4,31.7317,30.9512,0.727,0.316,0.833,0.833,0.563,0.5,4712,2309,2403,49,8.2,0.919,Montreal Canadiens,2011
82,31,35,16,78,47.6,2.524,2.61,0.9533,14.3,43,36,301,88.6,28.5366,29.6585,0.488,0.268,0.556,0.727,0.344,0.362,4739,2287,2452,48.3,8.8,0.912,Montreal Canadiens,2012
48,29,14,5,63,65.6,3.042,2.583,1.2532,20.7,42,35,203,79.8,30.5833,26.9375,0.724,0.421,0.789,0.81,0.606,0.6,3013,1499,1514,49.8,9.9,0.904,Montreal Canadiens,2013
82,46,28,8,100,61,2.549,2.451,0.9855,17.2,48,43,279,85.1,28.4146,30.9878,0.822,0.243,0.821,0.921,0.607,0.52,5108,2532,2576,49.6,9,0.921,Montreal Canadiens,2014
82,50,22,10,110,67.1,2.61,2.244,1.184,16.5,40,42,243,83.7,28.4634,30.122,0.821,0.419,0.714,0.865,0.611,0.585,5174,2695,2479,52.1,9.2,0.926,Montreal Canadiens,2015
82,38,38,6,82,50,2.634,2.841,0.9671,16.2,42,46,259,81.9,30.5366,29.3659,0.73,0.244,0.852,0.806,0.429,0.5,5207,2621,2586,50.3,8.6,0.903,Montreal Canadiens,2016
82,47,26,9,103,62.8,2.72,2.415,1.1938,19.6,45,47,229,81.1,29.9878,29.622,0.75,0.368,0.808,0.867,0.641,0.55,4999,2516,2483,50.3,9.1,0.918,Montreal Canadiens,2017
82,29,40,13,71,43.3,2.524,3.146,0.8228,21.2,52,68,245,74.1,32.7683,32.3171,0.447,0.273,0.714,0.778,0.378,0.341,5037,2395,2642,47.5,7.7,0.903,Montreal Canadiens,2018
82,44,30,8,96,58.5,3,2.878,1.1534,13.2,31,46,234,80.9,34.0976,31.0732,0.705,0.342,0.75,0.794,0.565,0.486,4932,2437,2495,49.4,8.8,0.907,Montreal Canadiens,2019
71,31,31,9,71,50,2.93,3.099,1.0352,17.7,33,45,186,78.7,34.1127,31.0986,0.553,0.303,0.6,0.667,0.465,0.4,4249,2143,2106,50.4,8.6,0.9,Montreal Canadiens,2020
56,24,21,11,59,52.7,2.821,2.946,1.0291,19.2,29,37,151,78.5,31.1786,28.1964,0.613,0.2,0.7,0.9,0.485,0.318,3114,1507,1607,48.4,9,0.896,Montreal Canadiens,2021
82,48,21,4,109,66.5,3.341,2.5,1.1429,18.6,71,49,381,86.4,30.1951,27.2561,0.72,0.375,0.737,0.837,0.542,0.625,5471,2656,2815,48.5,11.1,0.908,Ottawa Senators,2001
82,39,27,7,94,57.3,2.963,2.537,1.1429,16.6,55,48,331,84.4,30.1098,25.9268,0.622,0.297,0.815,0.909,0.444,0.5,5342,2677,2665,50.1,9.8,0.902,Ottawa Senators,2002
82,52,21,1,113,68.9,3.207,2.22,1.2906,21.2,83,50,391,84.9,29.7805,24.7927,0.725,0.484,0.857,0.9,0.625,0.591,5300,2494,2806,47.1,10.8,0.91,Ottawa Senators,2003
82,43,23,6,102,62.2,3.195,2.305,1.463,21.6,80,57,371,83.6,29.5244,24.878,0.667,0.351,0.758,0.805,0.588,0.407,5364,2524,2840,47,10.8,0.907,Ottawa Senators,2004
82,52,21,9,113,68.9,3.805,2.5,1.4911,20.8,102,73,490,84.7,34.2805,28.5854,0.87,0.333,0.865,0.956,0.673,0.591,5019,2523,2496,50.3,11.1,0.913,Ottawa Senators,2006
82,48,25,9,105,64,3.488,2.634,1.3984,17.9,72,61,403,84.5,32.3293,30.2317,0.75,0.353,0.789,0.8,0.617,0.563,5000,2514,2486,50.3,10.8,0.913,Ottawa Senators,2007
82,43,31,8,94,57.3,3.146,2.951,1.1007,18.3,60,72,328,81,30.1341,29.9512,0.723,0.257,0.786,0.857,0.512,0.55,4702,2429,2273,51.7,10.4,0.901,Ottawa Senators,2008
82,36,35,11,83,50.6,2.598,2.817,0.8828,19.5,66,64,339,81.5,29.3293,28.5,0.587,0.25,0.8,0.815,0.581,0.25,4548,2357,2191,51.8,8.9,0.901,Ottawa Senators,2009
82,44,32,6,94,57.3,2.683,2.841,0.8772,16.9,49,50,290,84.3,29.7073,28.5366,0.756,0.317,0.84,0.966,0.565,0.548,4648,2293,2355,49.3,9,0.9,Ottawa Senators,2010
82,32,40,10,74,45.1,2.317,2.988,0.7257,17.5,45,48,257,83.7,29.0366,31.2073,0.632,0.182,0.667,0.862,0.324,0.442,4510,2293,2217,50.8,8,0.904,Ottawa Senators,2011
82,41,31,10,92,56.1,2.963,2.878,1.0506,18.1,49,57,270,81.6,31.3902,32.0366,0.625,0.381,0.696,0.852,0.472,0.533,4893,2453,2440,50.1,9.4,0.91,Ottawa Senators,2012
48,25,17,6,56,58.3,2.333,2.083,1.027,15.9,25,20,157,88,33.1458,31.2917,0.72,0.304,0.667,0.905,0.5,0.5,2889,1420,1469,49.1,7,0.933,Ottawa Senators,2013
82,37,31,14,88,53.7,2.793,3.146,0.9474,18.4,50,61,271,80.9,32.8293,34.7439,0.65,0.262,0.607,0.774,0.387,0.5,5189,2659,2530,51.2,8.5,0.909,Ottawa Senators,2014
82,43,26,13,99,60.4,2.829,2.537,1.0897,16.8,47,44,280,82.9,30.9634,32.1341,0.587,0.444,0.696,0.821,0.533,0.522,5020,2421,2599,48.2,9.1,0.921,Ottawa Senators,2015
82,38,35,9,85,51.8,2.805,2.939,1.0135,15.8,38,61,240,75.8,28.3537,32.7805,0.774,0.275,0.81,0.8,0.238,0.55,4983,2519,2464,50.5,9.9,0.91,Ottawa Senators,2016
82,44,28,10,98,59.8,2.512,2.561,0.9574,17,43,50,253,79.7,30.0366,30.0854,0.763,0.341,0.75,0.879,0.425,0.649,5001,2549,2452,51,8.4,0.915,Ottawa Senators,2017
82,28,43,11,67,40.9,2.671,3.463,0.7677,16.6,41,56,247,76.2,30.6707,33.0732,0.533,0.231,0.727,0.727,0.412,0.283,4969,2499,2470,50.3,8.7,0.895,Ottawa Senators,2018
82,29,47,6,64,39,2.951,3.671,0.7854,20.4,46,45,226,79.2,29.622,35.7439,0.512,0.179,0.586,0.76,0.44,0.321,4815,2387,2428,49.6,10,0.897,Ottawa Senators,2019
71,25,34,12,62,43.7,2.676,3.352,0.8217,14.2,30,55,211,76.1,30.6197,33.5775,0.519,0.25,0.632,0.85,0.435,0.349,4242,2132,2110,50.3,8.7,0.9,Ottawa Senators,2020
56,23,28,5,51,45.5,2.768,3.375,0.803,15.5,27,36,174,79,29.6964,32.125,0.667,0.219,0.867,0.85,0.409,0.452,3100,1469,1631,47.4,9.3,0.895,Ottawa Senators,2021
82,37,29,5,90,54.9,2.829,2.524,1.2826,16.1,57,55,355,85,27.7561,27.3659,0.667,0.256,0.688,0.818,0.452,0.444,5365,2835,2530,52.8,10.2,0.908,Toronto Maple Leafs,2001
82,43,25,4,100,61,3.037,2.524,1.2826,15.5,54,51,349,84.5,28.5244,24.9268,0.682,0.342,0.727,0.846,0.544,0.478,5281,2736,2545,51.8,10.6,0.899,Toronto Maple Leafs,2002
82,44,28,3,98,59.8,2.878,2.537,1.037,17.6,63,56,359,86.8,26.2561,29.5488,0.647,0.355,0.645,0.848,0.478,0.596,5396,2735,2661,50.7,11,0.914,Toronto Maple Leafs,2003
82,45,24,3,103,62.8,2.951,2.488,1.121,20.1,75,64,373,83.4,27.4756,26.4268,0.744,0.333,0.793,0.868,0.59,0.541,5386,2808,2578,52.1,10.7,0.906,Toronto Maple Leafs,2004
82,41,33,8,90,54.9,3.098,3.207,0.8356,21.4,107,99,501,80,28.3293,30.5976,0.614,0.368,0.655,0.867,0.444,0.51,5027,2595,2432,51.6,10.9,0.895,Toronto Maple Leafs,2006
82,40,31,11,91,55.5,3.098,3.195,1.1074,17.7,71,90,401,78.5,32.6951,28.4146,0.659,0.317,0.769,0.8,0.526,0.421,5169,2684,2485,51.9,9.5,0.888,Toronto Maple Leafs,2007
82,36,35,11,83,50.6,2.78,3.122,0.956,17.8,61,77,343,78.1,31,29.3049,0.595,0.311,0.565,0.759,0.372,0.528,4654,2318,2336,49.8,9,0.893,Toronto Maple Leafs,2008
82,34,35,13,81,49.4,2.976,3.488,0.8871,18.8,62,78,330,74.7,31.7439,30.2561,0.55,0.286,0.522,0.692,0.391,0.438,4759,2386,2373,50.1,9.4,0.885,Toronto Maple Leafs,2009
82,30,38,14,74,45.1,2.561,3.207,0.9448,14,44,73,315,74.7,32.5732,29.7561,0.6,0.231,0.632,0.818,0.383,0.357,4684,2381,2303,50.8,7.9,0.892,Toronto Maple Leafs,2010
82,37,34,11,85,51.8,2.598,2.988,0.9434,15.9,52,62,326,77.5,28.7805,30.9756,0.656,0.32,0.75,0.857,0.433,0.48,4699,2371,2328,50.5,9,0.904,Toronto Maple Leafs,2011
82,35,37,10,80,48.8,2.768,3.159,0.8571,18.4,49,55,267,77.3,28.3171,30.8293,0.575,0.286,0.808,0.889,0.313,0.511,4689,2422,2267,51.6,9.8,0.898,Toronto Maple Leafs,2012
48,26,17,5,57,59.4,3.021,2.667,1.05,18.7,31,19,166,87.9,26.3333,32.2708,0.594,0.438,0.727,0.87,0.417,0.583,2951,1477,1474,50,11.5,0.917,Toronto Maple Leafs,2013
82,38,36,8,84,51.2,2.707,3.073,0.9217,19.8,50,58,252,78.4,27.9268,35.9146,0.675,0.262,0.737,0.897,0.533,0.462,5334,2574,2760,48.3,9.7,0.914,Toronto Maple Leafs,2014
82,30,44,8,68,41.5,2.512,3.134,0.8,15.9,45,52,283,80.5,29.2317,33.5122,0.677,0.176,0.762,0.826,0.375,0.382,5194,2547,2647,49,8.6,0.906,Toronto Maple Leafs,2015
82,29,42,11,69,42.1,2.341,2.927,0.7407,15.4,40,50,259,81.6,30.6707,30.5244,0.517,0.264,0.579,0.773,0.333,0.41,5173,2617,2556,50.6,7.6,0.904,Toronto Maple Leafs,2016
82,40,27,15,95,57.9,3.049,2.854,1.0497,23.8,58,44,244,82.5,31.9146,32.5976,0.644,0.297,0.714,0.756,0.406,0.542,5061,2524,2537,49.9,9.6,0.912,Toronto Maple Leafs,2017
82,49,26,7,105,64,3.293,2.805,1.1835,25,56,43,224,81.4,32.1951,33.8537,0.78,0.313,0.838,0.861,0.5,0.652,5187,2688,2499,51.8,10.2,0.917,Toronto Maple Leafs,2018
82,46,28,8,100,61,3.488,3.037,1.2047,21.8,46,41,211,79.9,33.3659,33.1341,0.738,0.375,0.828,0.973,0.571,0.561,4959,2629,2330,53,10.5,0.908,Toronto Maple Leafs,2019
70,36,25,9,81,57.9,3.386,3.171,1.0127,23.1,45,43,195,77.7,32.8857,31.9,0.774,0.308,0.81,0.857,0.588,0.438,3924,2060,1864,52.5,10.3,0.901,Toronto Maple Leafs,2020
56,35,14,7,77,68.8,3.321,2.643,1.375,20,31,31,155,78.5,31.2679,27.8214,0.735,0.455,0.692,0.8,0.559,0.75,2981,1523,1458,51.1,10.6,0.905,Toronto Maple Leafs,2021
82,38,32,3,88,53.7,2.585,2.744,0.9645,18.9,72,45,382,87.2,27.0366,26.9024,0.625,0.31,0.692,0.889,0.55,0.417,5286,2904,2382,54.9,9.6,0.898,Carolina Hurricanes,2001
82,35,26,5,91,55.5,2.646,2.646,0.9645,16.1,63,54,391,83.7,28.622,27,0.61,0.244,0.586,0.846,0.459,0.41,5529,3100,2429,56.1,9.2,0.902,Carolina Hurricanes,2002
82,22,43,6,61,37.2,2.085,2.927,0.7153,13.8,58,71,420,81.9,29.439,28.439,0.433,0.173,0.6,0.636,0.227,0.297,5349,2832,2517,52.9,7.1,0.897,Carolina Hurricanes,2003
82,28,34,6,76,46.3,2.098,2.549,0.9402,10.7,41,66,384,81.6,29.1951,26.2195,0.567,0.212,0.632,0.821,0.313,0.308,5348,2934,2414,54.9,7.2,0.903,Carolina Hurricanes,2004
82,52,22,8,112,68.3,3.488,3.146,1.02,17.9,95,81,531,81.8,31.1341,30.4512,0.878,0.39,0.875,0.939,0.674,0.605,5141,2659,2482,51.7,11.2,0.897,Carolina Hurricanes,2006
82,40,34,8,88,53.7,2.939,3.024,0.8623,15,67,61,447,84.6,31.2073,28.4878,0.727,0.327,0.885,0.9,0.49,0.414,4957,2594,2363,52.3,9.4,0.894,Carolina Hurricanes,2007
82,43,33,6,92,56.1,3.049,3,1.089,18.8,79,75,420,78.9,32.5488,28.878,0.743,0.362,0.793,0.865,0.596,0.37,5018,2479,2539,49.4,9.4,0.896,Carolina Hurricanes,2008
82,45,30,7,97,59.1,2.878,2.695,1,18.7,70,59,374,80.4,32.622,29.5,0.641,0.465,0.655,0.861,0.519,0.607,4742,2433,2309,51.3,8.8,0.909,Carolina Hurricanes,2009
82,35,37,10,80,48.8,2.756,3.061,0.882,16.9,56,62,332,80.6,29.2927,31.3902,0.61,0.244,0.778,0.818,0.389,0.477,4815,2318,2497,48.1,9.4,0.902,Carolina Hurricanes,2010
82,40,31,11,91,55.5,2.817,2.854,0.9875,15.9,55,51,346,81.2,30.6951,33.2317,0.757,0.267,0.95,0.964,0.393,0.529,4913,2192,2721,44.6,9.2,0.914,Carolina Hurricanes,2011
82,33,33,16,82,50,2.585,2.89,0.8434,16.7,49,49,294,80.6,30.4512,32.3537,0.561,0.244,0.533,0.69,0.5,0.348,4858,2464,2394,50.7,8.5,0.911,Carolina Hurricanes,2012
48,19,25,4,42,43.8,2.646,3.313,0.8585,14.6,24,36,165,77.6,32.1875,32.2083,0.579,0.276,0.692,0.933,0.435,0.375,2994,1503,1491,50.2,8.2,0.897,Carolina Hurricanes,2013
82,36,35,11,83,50.6,2.5,2.756,0.8903,14.6,41,44,281,81.7,31.2317,30.939,0.719,0.26,0.8,0.815,0.474,0.39,5042,2652,2390,52.6,8,0.911,Carolina Hurricanes,2014
82,30,41,11,71,43.3,2.232,2.671,0.756,18.8,45,29,240,84.7,30.7805,27.2683,0.611,0.174,0.708,0.759,0.423,0.25,4913,2602,2311,53,7.3,0.902,Carolina Hurricanes,2015
82,35,31,16,86,52.4,2.39,2.695,0.8354,16.8,40,32,238,84.3,29.8902,27.5732,0.619,0.225,0.64,0.828,0.314,0.621,4701,2523,2178,53.7,8,0.902,Carolina Hurricanes,2016
82,36,31,15,87,53,2.585,2.805,0.848,17.8,41,32,231,84.2,30.4024,28.2927,0.529,0.375,0.593,0.714,0.38,0.5,4581,2431,2150,53.1,8.5,0.901,Carolina Hurricanes,2017
82,36,35,11,83,50.6,2.744,3.085,0.8659,18.4,44,43,239,77.5,33.9024,28.8659,0.63,0.194,0.667,0.778,0.526,0.261,4798,2594,2204,54.1,8.1,0.893,Carolina Hurricanes,2018
82,46,29,7,99,60.4,2.963,2.695,1.0878,17.8,44,44,247,81.6,34.4146,28.5732,0.767,0.333,0.862,0.872,0.509,0.708,4968,2436,2532,49,8.6,0.906,Carolina Hurricanes,2019
68,38,25,5,81,59.6,3.191,2.838,1.0368,22.3,46,39,206,84,33.25,29.3235,0.839,0.324,0.95,0.963,0.487,0.643,4072,2058,2014,50.5,9.6,0.903,Carolina Hurricanes,2020
56,36,12,8,80,71.4,3.125,2.393,1.3086,25.6,42,26,164,85.2,32.0357,28.2321,0.735,0.5,0.81,0.862,0.639,0.632,3425,1845,1580,53.9,9.8,0.915,Carolina Hurricanes,2021
82,22,38,9,66,40.2,2.439,3,0.7616,13,46,64,353,83.9,26.4634,31.2073,0.378,0.178,0.421,0.5,0.24,0.296,5379,2610,2769,48.5,9.2,0.904,Florida Panthers,2001
82,22,44,6,60,36.6,2.195,3.049,0.7616,14.7,50,76,341,80.7,26.8902,32.5122,0.432,0.079,0.5,0.739,0.217,0.286,5509,2540,2969,46.1,8.2,0.906,Florida Panthers,2002
82,24,36,9,70,42.7,2.146,2.89,0.7466,14.1,49,66,347,81.5,27.1829,33.2317,0.5,0.146,0.667,0.792,0.167,0.339,5501,2540,2961,46.2,7.9,0.913,Florida Panthers,2003
82,28,35,4,75,45.7,2.293,2.695,0.8099,16.8,52,51,310,86.4,27.7195,34.4878,0.528,0.196,0.5,0.607,0.3,0.35,5285,2435,2850,46.1,8.3,0.922,Florida Panthers,2004
82,37,34,11,85,51.8,2.878,3.073,1.1045,15.3,63,91,411,82.3,33.2195,34.7927,0.579,0.341,0.765,0.824,0.514,0.413,5351,2713,2638,50.7,8.7,0.912,Florida Panthers,2006
82,35,31,16,86,52.4,2.988,3.037,1.0927,18.1,61,78,337,82.4,33.2927,29.2927,0.649,0.244,0.64,0.765,0.49,0.241,4979,2383,2596,47.9,9,0.896,Florida Panthers,2007
82,38,35,9,85,51.8,2.573,2.683,0.9714,19.2,60,66,313,82.3,31.0854,33.5732,0.641,0.302,0.645,0.724,0.483,0.442,4898,2390,2508,48.8,8.3,0.92,Florida Panthers,2008
82,41,30,11,93,56.7,2.817,2.72,1.0685,16.6,51,54,308,82.6,29.4146,34.6707,0.615,0.395,0.654,0.829,0.538,0.481,4783,2291,2492,47.9,9.6,0.922,Florida Panthers,2009
82,32,37,13,77,47,2.463,2.854,0.9026,14.2,44,59,309,79.4,28.4268,34.1463,0.462,0.326,0.6,0.7,0.444,0.393,4658,2323,2335,49.9,8.7,0.916,Florida Panthers,2010
82,30,40,12,72,43.9,2.329,2.707,0.872,13.1,35,41,267,84.6,30.4024,31.8171,0.59,0.163,0.583,0.75,0.258,0.467,4639,2409,2230,51.9,7.7,0.915,Florida Panthers,2011
82,38,26,18,94,57.3,2.402,2.634,0.8819,18.5,53,49,286,79.5,29.6707,30.5488,0.641,0.302,0.667,0.727,0.447,0.465,4583,2318,2265,50.6,8.1,0.914,Florida Panthers,2012
48,15,27,6,36,37.5,2.271,3.542,0.5714,20.4,29,39,142,74.2,29.1667,31.3333,0.647,0.129,0.636,0.857,0.286,0.308,2719,1342,1377,49.4,7.8,0.887,Florida Panthers,2013
82,29,45,8,66,40.2,2.293,3.195,0.8258,10,27,63,269,76,29.8902,31.1098,0.567,0.231,0.75,0.938,0.389,0.318,4931,2380,2551,48.3,7.7,0.897,Florida Panthers,2014
82,38,29,15,91,55.5,2.415,2.598,1.0272,16.3,40,50,246,80,30.6829,29.561,0.697,0.306,0.789,0.75,0.386,0.541,5155,2505,2650,48.6,7.9,0.912,Florida Panthers,2015
82,47,26,9,103,62.8,2.829,2.439,1.2619,16.9,47,55,278,79.5,28.7561,29.5,0.75,0.324,0.839,0.786,0.561,0.59,5088,2548,2540,50.1,9.8,0.917,Florida Panthers,2016
82,35,36,11,81,49.4,2.5,2.817,0.8125,17,45,36,265,85.3,32.2439,31.6463,0.595,0.25,0.607,0.828,0.488,0.417,4974,2384,2590,47.9,7.8,0.911,Florida Panthers,2017
82,44,30,8,96,58.5,2.988,2.963,0.994,18.9,47,45,249,80.2,34.4146,34.6098,0.717,0.306,0.871,0.935,0.444,0.605,5236,2657,2579,50.7,8.7,0.914,Florida Panthers,2018
82,36,32,14,86,52.4,3.22,3.329,0.8526,26.8,72,43,269,81.3,32.9878,30.6829,0.538,0.349,0.483,0.735,0.468,0.406,5072,2527,2545,49.8,9.8,0.891,Florida Panthers,2019
69,35,26,8,78,56.5,3.304,3.246,1.026,21.3,45,40,211,78.5,32.6522,32.2754,0.743,0.265,0.8,0.963,0.429,0.594,4005,2014,1991,50.3,10.1,0.899,Florida Panthers,2020
56,37,14,5,79,70.5,3.357,2.696,1.2553,20.5,39,34,190,79.8,34.8929,30.0357,0.714,0.607,0.737,0.929,0.622,0.75,3330,1671,1659,50.2,9.6,0.91,Florida Panthers,2021
82,24,47,5,59,36,2.451,3.415,0.7692,12.5,53,72,424,82.9,24.561,31.1829,0.465,0.103,0.545,0.739,0.438,0.222,5467,2562,2905,46.9,10,0.89,Tampa Bay Lightning,2001
82,27,40,4,69,42.1,2.171,2.671,0.7692,14.7,46,40,312,85.3,26.5732,30.7683,0.531,0.2,0.55,0.762,0.321,0.36,5100,2399,2701,47,8.2,0.913,Tampa Bay Lightning,2002
82,36,25,5,93,56.7,2.671,2.561,0.9774,17.9,70,55,391,82.6,29.2073,28.0244,0.6,0.286,0.708,0.727,0.469,0.375,5108,2566,2542,50.2,9.1,0.909,Tampa Bay Lightning,2003
82,46,22,6,106,64.6,2.988,2.341,1.2778,16.2,55,42,339,84.9,30,25.4268,0.68,0.375,0.794,0.842,0.519,0.654,5171,2585,2586,50,10,0.908,Tampa Bay Lightning,2004
82,43,33,6,92,56.1,3,3.122,0.8782,16.7,81,72,485,81.5,31.6341,27.561,0.682,0.342,0.833,0.839,0.569,0.462,4969,2488,2481,50.1,9.5,0.887,Tampa Bay Lightning,2006
82,44,33,5,93,56.7,2.963,3.159,0.8922,18.4,69,66,374,78.4,29.4878,27.2439,0.683,0.39,0.769,0.815,0.604,0.424,4711,2304,2407,48.9,10,0.884,Tampa Bay Lightning,2007
82,31,42,9,71,43.3,2.695,3.244,0.7624,19.3,57,56,296,82,28.7073,28.1951,0.579,0.205,0.75,0.742,0.366,0.41,4590,2283,2307,49.7,9.4,0.885,Tampa Bay Lightning,2008
82,24,40,18,66,40.2,2.524,3.28,0.8919,17.8,61,89,343,78,28.5122,32.939,0.441,0.188,0.44,0.68,0.357,0.26,4652,2333,2319,50.1,8.9,0.9,Tampa Bay Lightning,2009
82,34,36,12,80,48.8,2.598,3.085,0.8333,19.3,63,67,326,80.1,28.8659,31.4024,0.611,0.261,0.667,0.828,0.357,0.44,4738,2442,2296,51.5,9,0.902,Tampa Bay Lightning,2010
82,46,25,11,103,62.8,2.939,2.854,0.9935,20.5,69,49,336,83.8,31.7683,28.7073,0.627,0.452,0.724,0.872,0.51,0.633,4934,2486,2448,50.4,9.3,0.901,Tampa Bay Lightning,2011
82,38,36,8,84,51.2,2.829,3.39,0.9301,15.2,41,59,269,79.2,27.1585,30.5,0.628,0.282,0.696,0.889,0.444,0.455,4845,2354,2491,48.6,10.4,0.889,Tampa Bay Lightning,2012
48,18,26,4,40,41.7,3.063,3.063,1.08,19,31,30,163,80.7,27.5625,30.2292,0.684,0.172,0.813,0.786,0.389,0.37,2932,1500,1432,51.2,11.1,0.899,Tampa Bay Lightning,2013
82,46,27,9,101,61.6,2.829,2.549,1.1556,18.5,50,52,270,80.7,29.8293,29.2317,0.738,0.375,0.72,0.848,0.578,0.588,4862,2394,2468,49.2,9.5,0.913,Tampa Bay Lightning,2014
82,50,24,8,108,65.9,3.159,2.512,1.2759,18.8,53,42,282,83.7,29.6098,27.8902,0.761,0.417,0.833,0.943,0.622,0.606,4772,2372,2400,49.7,10.7,0.91,Tampa Bay Lightning,2015
82,46,31,5,97,59.1,2.732,2.415,1.184,15.8,44,41,279,84,29.2927,28.8537,0.795,0.289,0.792,0.921,0.436,0.65,4793,2372,2421,49.5,9.3,0.916,Tampa Bay Lightning,2016
82,42,30,10,94,57.3,2.805,2.732,0.9724,22.8,62,48,272,81.4,29.9024,30.3902,0.667,0.408,0.826,0.871,0.457,0.55,4985,2376,2609,47.7,9.4,0.91,Tampa Bay Lightning,2017
82,54,23,5,113,68.9,3.537,2.854,1.3425,23.9,66,64,276,76.1,32.6829,32.7195,0.837,0.462,0.821,0.923,0.683,0.625,5062,2441,2621,48.2,10.8,0.913,Tampa Bay Lightning,2018
82,62,16,4,128,78,3.89,2.695,1.3121,28.2,74,40,262,85,31.9512,32.1098,0.848,0.639,0.912,0.907,0.75,0.75,4921,2520,2401,51.2,12.2,0.916,Tampa Bay Lightning,2019
70,43,21,6,92,65.7,3.471,2.771,1.3279,23.1,49,43,212,81.4,31.0857,30.9286,0.732,0.448,0.821,0.861,0.581,0.611,4032,2037,1995,50.5,11.2,0.91,Tampa Bay Lightning,2020
56,36,17,3,75,67,3.214,2.589,1.1443,22.2,40,29,180,84.2,30.2143,28.2679,0.786,0.5,0.909,1,0.655,0.64,3127,1567,1560,50.1,10.6,0.908,Tampa Bay Lightning,2021
82,41,27,4,96,58.5,2.841,2.573,0.9375,21.2,75,62,353,84.1,28.6341,27.7195,0.769,0.256,0.821,0.844,0.558,0.459,5345,2949,2396,55.2,9.9,0.907,Washington Capitals,2001
82,36,33,2,85,51.8,2.78,2.927,0.9375,19.4,58,58,299,82.2,27.9634,28.7439,0.625,0.32,0.737,0.778,0.459,0.409,5359,2858,2501,53.3,9.9,0.898,Washington Capitals,2002
82,39,29,6,92,56.1,2.732,2.683,1.1385,17.2,57,72,331,81.2,27.1098,29.9268,0.651,0.282,0.75,0.818,0.543,0.435,5081,2498,2583,49.2,10.1,0.91,Washington Capitals,2003
82,23,46,3,59,36,2.268,3.085,0.6752,19.2,64,75,334,81.3,23.7317,31.5366,0.472,0.13,0.737,0.87,0.25,0.27,5108,2502,2606,49,9.6,0.902,Washington Capitals,2004
82,29,41,12,70,42.7,2.805,3.659,0.9247,14.7,72,116,490,78.9,29.8171,35.122,0.432,0.289,0.381,0.818,0.417,0.339,5176,2609,2567,50.4,9.4,0.896,Washington Capitals,2006
82,28,40,14,70,42.7,2.854,3.354,0.8476,16.4,67,82,408,80.2,27.9878,33.3415,0.568,0.156,0.594,0.778,0.25,0.362,5080,2531,2549,49.8,10.2,0.899,Washington Capitals,2007
82,43,31,8,94,57.3,2.902,2.768,1.0643,18.8,65,68,346,80.5,30.9512,27.5488,0.698,0.333,0.724,0.9,0.519,0.56,4734,2422,2312,51.2,9.4,0.9,Washington Capitals,2008
82,50,24,8,108,65.9,3.268,2.927,1.0993,25.2,85,75,337,80.6,33.5122,29.4878,0.756,0.432,0.833,0.868,0.627,0.571,4775,2467,2308,51.7,9.8,0.901,Washington Capitals,2009
82,54,15,13,121,73.8,3.817,2.768,1.5662,25.2,79,67,313,78.8,32.8415,30.9146,0.731,0.533,0.718,0.889,0.674,0.649,4927,2538,2389,51.5,11.6,0.91,Washington Capitals,2010
82,48,23,11,107,65.2,2.671,2.329,1.0741,17.5,46,43,263,85.6,31.2927,28.9634,0.714,0.489,0.778,0.906,0.565,0.618,4906,2534,2372,51.6,8.5,0.92,Washington Capitals,2011
82,42,32,8,92,56.1,2.659,2.756,1.0133,16.7,41,49,245,81.6,27.9878,30.1829,0.69,0.325,0.821,0.962,0.5,0.51,4764,2380,2384,50,9.5,0.909,Washington Capitals,2012
48,27,18,3,57,59.4,3.042,2.708,1.069,26.8,44,36,164,77.9,28.125,32.3125,0.654,0.455,0.8,0.864,0.786,0.471,2923,1484,1439,50.8,10.8,0.916,Washington Capitals,2013
82,38,30,14,90,54.9,2.744,2.793,0.8968,23.4,68,51,291,82,29.4146,33.5366,0.667,0.25,0.64,0.857,0.5,0.431,5032,2436,2596,48.4,9.3,0.917,Washington Capitals,2014
82,45,26,11,101,61.6,2.89,2.427,1.0786,25.3,60,50,237,81.2,29.5,28.878,0.86,0.205,0.867,0.875,0.526,0.486,4921,2522,2399,51.2,9.8,0.916,Washington Capitals,2015
82,56,18,8,120,73.2,3.024,2.329,1.2969,21.9,55,38,251,85.2,30.6098,28.439,0.895,0.5,0.955,0.974,0.66,0.71,4777,2368,2409,49.6,9.9,0.918,Washington Capitals,2016
82,55,19,8,118,72,3.183,2.159,1.5752,23.1,57,44,247,83.8,30.4268,27.8293,0.793,0.375,0.81,0.953,0.694,0.655,4785,2385,2400,49.8,10.5,0.922,Washington Capitals,2017
82,49,26,7,105,64,3.122,2.902,1.1104,22.5,55,53,244,80.3,29.0122,31.8659,0.811,0.422,0.966,0.9,0.679,0.56,4894,2467,2427,50.4,10.8,0.909,Washington Capitals,2018
82,48,26,8,104,63.4,3.341,3.024,1.2236,20.8,49,55,236,78.9,30.3902,31.5122,0.762,0.4,0.73,0.902,0.636,0.533,4723,2160,2563,45.7,11,0.904,Washington Capitals,2019
69,41,20,8,90,65.2,3.42,3.072,1.1056,19.4,42,42,216,82.6,31.971,30.2029,0.727,0.472,0.87,0.844,0.625,0.571,4121,1991,2130,48.3,10.7,0.898,Washington Capitals,2020
56,36,15,5,77,68.8,3.357,2.875,1.2336,24.8,38,26,153,84,29.4107,28.7857,0.75,0.5,0.727,0.929,0.677,0.545,3134,1542,1592,49.2,11.4,0.9,Washington Capitals,2021
82,29,40,5,71,43.3,2.561,3,1.0889,12.9,41,52,318,83.9,26.3415,26.7073,0.526,0.205,0.609,0.826,0.432,0.317,5382,2686,2696,49.9,9.7,0.888,Chicago Blackhawks,2001
82,41,27,1,96,58.5,2.634,2.524,1.0889,17.9,54,63,302,81.5,27.6951,25.3293,0.675,0.333,0.808,0.889,0.511,0.467,5530,2652,2878,48,9.5,0.9,Chicago Blackhawks,2002
82,30,33,6,79,48.2,2.524,2.756,1.034,12.7,39,56,308,84.8,27.7927,28.5976,0.523,0.184,0.773,0.727,0.361,0.395,5336,2671,2665,50.1,9.1,0.904,Chicago Blackhawks,2003
82,20,43,8,59,36,2.293,3.159,0.6994,15.8,55,63,349,83.5,29.2805,30.7439,0.333,0.184,0.45,0.56,0.171,0.286,5456,2693,2763,49.4,7.8,0.897,Chicago Blackhawks,2004
82,26,43,13,65,39.6,2.549,3.402,0.8424,12.2,51,88,417,83.9,30.2439,29.4756,0.533,0.192,0.619,0.81,0.282,0.366,4879,2384,2495,48.9,8.4,0.885,Chicago Blackhawks,2006
82,31,42,9,71,43.3,2.378,3.061,0.8581,11.8,43,77,364,82.6,26.8415,29.3659,0.55,0.214,0.571,0.739,0.321,0.38,4569,2184,2385,47.8,8.9,0.896,Chicago Blackhawks,2007
82,40,34,8,88,53.7,2.854,2.817,1.0507,15.9,58,69,365,82.1,28.0244,28.6098,0.644,0.297,0.8,0.931,0.425,0.5,4459,2334,2125,52.3,10.2,0.902,Chicago Blackhawks,2008
82,46,24,12,104,63.4,3.171,2.549,1.1769,19.3,70,64,363,80.6,32.7195,28.5854,0.767,0.333,0.781,0.854,0.623,0.407,4564,2195,2369,48.1,9.7,0.911,Chicago Blackhawks,2009
82,52,22,8,112,68.3,3.195,2.476,1.2013,17.7,52,39,294,85.3,34.122,25.0976,0.714,0.462,0.714,0.897,0.629,0.667,4466,2340,2126,52.4,9.4,0.901,Chicago Blackhawks,2010
82,44,29,9,97,59.1,3.073,2.683,1.1486,23.1,64,53,277,79.2,32.1585,28.7073,0.681,0.343,0.703,0.825,0.52,0.548,4751,2414,2337,50.8,9.6,0.907,Chicago Blackhawks,2011
82,45,26,11,101,61.6,2.939,2.817,1.0118,15.2,42,51,277,78.1,31.5,28.5732,0.722,0.413,0.815,0.886,0.538,0.6,4728,2390,2338,50.5,9.3,0.901,Chicago Blackhawks,2012
48,36,7,5,77,80.2,3.104,2.021,1.5211,16.7,25,18,150,87.2,31.125,26.2083,0.897,0.526,0.895,0.897,0.788,0.643,2828,1436,1392,50.8,10,0.923,Chicago Blackhawks,2013
82,46,21,15,107,65.2,3.183,2.585,1.2703,19.5,50,46,257,81.5,33.1098,27.1829,0.791,0.308,0.852,0.868,0.552,0.583,4873,2533,2340,52,9.6,0.905,Chicago Blackhawks,2014
82,48,28,6,102,62.2,2.683,2.268,1.1923,17.6,46,35,261,83.4,33.8659,30.2073,0.761,0.361,0.897,1,0.596,0.586,4905,2553,2352,52,7.9,0.925,Chicago Blackhawks,2015
82,47,26,9,103,62.8,2.854,2.524,0.9437,22.6,57,46,252,80.3,30.4634,30.8049,0.774,0.207,0.875,0.902,0.5,0.622,4832,2380,2452,49.2,9.4,0.918,Chicago Blackhawks,2016
82,50,23,9,109,66.5,2.927,2.585,1.2029,18,42,47,233,77.7,30.5854,31.3902,0.74,0.406,0.788,0.857,0.553,0.659,4710,2236,2474,47.5,9.6,0.918,Chicago Blackhawks,2017
82,33,39,10,76,46.3,2.78,3.098,0.9023,16,43,49,269,79.2,34.061,32.8902,0.543,0.222,0.581,0.769,0.395,0.4,5019,2472,2547,49.2,8.2,0.906,Chicago Blackhawks,2018
82,36,34,12,84,51.2,3.256,3.549,0.9892,20.2,48,63,238,72.7,32.5488,34.7805,0.605,0.256,0.741,0.92,0.444,0.409,4760,2356,2404,49.5,10,0.898,Chicago Blackhawks,2019
70,32,30,8,72,51.4,2.971,3.057,1,15.2,33,37,217,82.1,31.8143,35.1143,0.625,0.316,0.731,0.786,0.478,0.467,3933,1964,1969,49.9,9.3,0.913,Chicago Blackhawks,2020
56,24,25,7,55,49.1,2.839,3.286,0.8,21.7,38,35,175,76.8,29.1964,33.7143,0.63,0.241,0.647,0.789,0.45,0.412,3105,1439,1666,46.3,9.7,0.903,Chicago Blackhawks,2021
82,49,20,4,111,67.7,3.085,2.463,1.2314,22.1,85,55,384,85.7,32.3171,27.0854,0.745,0.4,0.8,0.941,0.604,0.607,5607,3048,2559,54.4,9.5,0.909,Detroit Red Wings,2001
82,51,17,4,116,70.7,3.061,2.28,1.2314,20.3,73,48,359,86,30.9512,26.3293,0.739,0.472,0.767,0.902,0.7,0.517,5337,2743,2594,51.4,9.9,0.913,Detroit Red Wings,2002
82,48,20,4,110,67.1,3.28,2.476,1.2388,23.8,76,55,319,85.4,29.7683,28.7927,0.686,0.419,0.824,0.844,0.625,0.55,5167,2699,2468,52.2,11,0.914,Detroit Red Wings,2003
82,48,21,2,109,66.5,3.11,2.305,1.2558,20.1,63,42,314,86.8,30.2927,26.2317,0.787,0.314,0.75,0.841,0.551,0.643,5259,2763,2496,52.5,10.3,0.912,Detroit Red Wings,2004
82,58,16,8,124,75.6,3.671,2.512,1.4831,22.1,102,67,461,85.5,34.0976,26.5854,0.745,0.657,0.794,0.95,0.71,0.75,4895,2587,2308,52.9,10.8,0.906,Detroit Red Wings,2006
82,50,19,13,113,68.9,3.073,2.329,1.4712,17.1,68,63,398,84.6,33.7927,24.6341,0.791,0.41,0.741,0.892,0.667,0.5,4620,2478,2142,53.6,9.1,0.905,Detroit Red Wings,2007
82,54,21,7,115,70.1,3.073,2.183,1.4057,20.7,81,57,391,84,34.3902,23.5366,0.86,0.344,0.897,0.9,0.714,0.25,4573,2436,2137,53.3,8.9,0.907,Detroit Red Wings,2008
82,51,21,10,112,68.3,3.524,2.927,1.1973,25.5,90,71,353,78.3,36.1585,27.7317,0.804,0.389,0.788,0.81,0.643,0.6,4785,2635,2150,55.1,9.7,0.894,Detroit Red Wings,2009
82,44,24,14,102,62.2,2.72,2.524,0.9276,19.2,59,43,307,83.9,33.378,29.4268,0.658,0.432,0.643,0.824,0.549,0.519,4580,2340,2240,51.1,8.1,0.914,Detroit Red Wings,2010
82,47,25,10,104,63.4,3.134,2.89,1.0182,22.3,67,53,301,82.3,33.622,30.6585,0.732,0.415,0.8,0.875,0.563,0.563,4890,2540,2350,51.9,9.3,0.906,Detroit Red Wings,2011
82,48,28,6,102,62.2,2.915,2.439,1.4365,16.1,48,50,298,81.8,32.1707,26.9756,0.727,0.421,0.839,0.931,0.577,0.615,4569,2357,2212,51.6,9.1,0.91,Detroit Red Wings,2012
48,24,16,8,56,58.3,2.542,2.292,1.1,18.4,34,30,185,81.7,30.1458,27.5417,0.64,0.348,0.643,0.857,0.438,0.667,2730,1387,1343,50.8,8.4,0.917,Detroit Red Wings,2013
82,39,28,15,93,56.7,2.646,2.695,1.0333,17.7,50,50,282,83,29.9512,29.2805,0.585,0.366,0.667,0.714,0.5,0.444,4900,2487,2413,50.8,8.8,0.908,Detroit Red Wings,2014
82,43,25,14,100,61,2.817,2.573,1.0455,23.8,70,55,294,80.9,29.622,28.3171,0.595,0.45,0.882,0.839,0.523,0.528,5015,2581,2434,51.5,9.5,0.909,Detroit Red Wings,2015
82,41,30,11,93,56.7,2.549,2.671,0.942,18.8,50,50,266,81.5,29.6585,29.7439,0.733,0.216,0.81,0.71,0.528,0.477,4784,2417,2367,50.5,8.6,0.91,Detroit Red Wings,2016
82,33,36,13,79,48.2,2.415,2.976,0.8889,15.1,38,45,252,80.8,28.4756,30.5732,0.5,0.326,0.591,0.741,0.414,0.388,4858,2520,2338,51.9,8.5,0.903,Detroit Red Wings,2017
82,30,39,13,73,44.5,2.585,3.098,0.8862,17.5,41,58,234,77.5,30.3659,31.8659,0.524,0.2,0.68,0.793,0.344,0.356,5009,2447,2562,48.9,8.5,0.903,Detroit Red Wings,2018
82,32,40,10,74,45.1,2.732,3.317,0.8258,18.1,39,56,216,77.1,29.1951,33.6707,0.568,0.244,0.5,0.739,0.385,0.389,5058,2568,2490,50.8,9.4,0.901,Detroit Red Wings,2019
71,17,49,5,39,27.5,2,3.732,0.5444,14.9,32,58,215,74.3,27.0986,32.8028,0.367,0.146,0.474,0.6,0.333,0.204,3960,1959,2001,49.5,7.4,0.886,Detroit Red Wings,2020
56,19,27,10,48,42.9,2.232,3,0.7768,11.4,17,33,149,78.7,27.2857,31.8929,0.5,0.219,0.643,0.833,0.318,0.353,3041,1523,1518,50.1,8.2,0.906,Detroit Red Wings,2021
82,34,36,3,80,48.8,2.268,2.439,0.8302,14.1,51,49,361,85.2,26.6098,28.622,0.684,0.182,0.667,0.862,0.469,0.362,5053,2446,2607,48.4,8.5,0.915,Nashville Predators,2001
82,28,41,0,69,42.1,2.39,2.805,0.8302,14.2,48,50,337,85.9,24.622,28.2195,0.513,0.186,0.577,0.656,0.333,0.321,5256,2468,2788,47,9.7,0.901,Nashville Predators,2002
82,27,35,7,74,45.1,2.232,2.512,0.959,13.9,58,61,418,82.7,28.2439,27.4634,0.55,0.119,0.643,0.818,0.289,0.41,5264,2551,2713,48.5,7.9,0.909,Nashville Predators,2003
82,38,29,4,91,55.5,2.634,2.646,0.9583,16.9,72,64,426,81.8,27.1585,28.4756,0.61,0.317,0.69,0.778,0.424,0.468,5414,2645,2769,48.9,9.7,0.907,Nashville Predators,2004
82,49,25,8,106,64.6,3.085,2.732,1.1709,18.4,94,82,512,84.6,29.0244,32.4634,0.565,0.639,0.706,0.857,0.697,0.532,5176,2787,2389,53.8,10.6,0.916,Nashville Predators,2006
82,51,23,8,110,67.1,3.244,2.524,1.2815,17.4,71,55,408,85.8,27.5732,31.2317,0.731,0.433,0.744,0.854,0.75,0.551,4835,2434,2401,50.3,11.8,0.919,Nashville Predators,2007
82,41,32,9,91,55.5,2.768,2.732,1.0133,14.8,53,49,358,85.4,29.5732,29.7561,0.773,0.184,0.8,0.929,0.487,0.513,4764,2406,2358,50.5,9.4,0.908,Nashville Predators,2008
82,40,34,8,88,53.7,2.524,2.78,0.9437,15.7,50,59,318,82.5,28.9634,29.4024,0.707,0.268,0.789,0.917,0.641,0.378,4896,2556,2340,52.2,8.7,0.905,Nashville Predators,2009
82,47,29,6,100,61,2.646,2.695,1.0486,16.4,47,59,286,77.1,30.5854,29.2195,0.8,0.404,0.958,0.871,0.585,0.553,4688,2306,2382,49.2,8.7,0.908,Nashville Predators,2010
82,44,27,11,99,60.4,2.598,2.317,1.1579,15.2,41,41,269,84.9,28.8049,30.6098,0.698,0.359,0.694,0.795,0.588,0.478,4685,2352,2333,50.2,9,0.924,Nashville Predators,2011
82,48,26,8,104,63.4,2.829,2.5,1.0533,21.6,54,40,250,83.6,27.5732,30.7683,0.833,0.325,0.815,0.857,0.625,0.593,4886,2394,2492,49,10.3,0.919,Nashville Predators,2012
48,16,23,9,41,42.7,2.271,2.771,0.9059,17.1,24,34,140,75.5,25.9167,27.8125,0.611,0.167,0.636,0.8,0.368,0.269,2777,1381,1396,49.7,8.8,0.9,Nashville Predators,2013
82,38,32,12,88,53.7,2.61,2.841,0.8807,19.2,46,47,239,80.2,29.0488,28.9024,0.75,0.239,0.885,0.857,0.421,0.538,4873,2586,2287,53.1,9,0.902,Nashville Predators,2014
82,47,25,10,104,63.4,2.756,2.463,1.2632,16.2,42,45,259,80.8,31.878,28.2561,0.711,0.455,0.741,0.771,0.63,0.529,5239,2562,2677,48.9,8.6,0.913,Nashville Predators,2015
82,41,27,14,96,58.5,2.732,2.598,1.029,19.7,51,46,259,81.2,30.5732,27.3415,0.644,0.324,0.697,0.839,0.417,0.581,4902,2387,2515,48.7,8.9,0.905,Nashville Predators,2016
82,41,29,12,94,57.3,2.902,2.683,1.1268,18.9,49,46,259,80.9,31.1829,30.1463,0.676,0.356,0.682,0.784,0.489,0.471,5052,2599,2453,51.4,9.3,0.911,Nashville Predators,2017
82,53,18,11,117,71.3,3.183,2.488,1.3125,21.2,58,54,273,81.9,32.2073,32.4268,0.804,0.387,0.742,0.86,0.576,0.698,5165,2753,2412,53.3,9.9,0.923,Nashville Predators,2018
82,47,29,6,100,61,2.878,2.585,1.1469,12.9,33,45,255,82.1,32.6585,29.9878,0.875,0.286,0.88,0.946,0.6,0.5,4922,2537,2385,51.5,8.8,0.914,Nashville Predators,2019
69,35,26,8,78,56.5,3.072,3.101,1.1176,17.3,39,51,226,76.1,33.1449,31.2609,0.73,0.25,0.8,0.815,0.474,0.567,4085,2135,1950,52.3,9.3,0.901,Nashville Predators,2020
56,31,23,2,64,57.1,2.696,2.75,1.1429,17.6,28,42,159,75.6,29.9821,31.3036,0.72,0.419,0.75,0.895,0.571,0.519,3149,1628,1521,51.7,9,0.912,Nashville Predators,2021
82,43,22,5,103,62.8,3.037,2.378,1.2743,18.7,72,57,385,85.3,30.4146,23.5732,0.78,0.268,0.821,0.846,0.516,0.438,5486,2848,2638,51.9,10,0.899,St. Louis Blues,2001
82,43,27,4,98,59.8,2.768,2.293,1.2743,17.4,62,56,356,85.2,29.0244,22.5244,0.737,0.341,0.731,0.833,0.517,0.471,5313,2650,2663,49.9,9.5,0.898,St. Louis Blues,2002
82,41,24,6,99,60.4,3.085,2.707,1.0615,20.5,80,71,391,81.8,28.061,24.9634,0.528,0.478,0.609,0.781,0.511,0.516,5255,2576,2679,49,11,0.892,St. Louis Blues,2003
82,39,30,2,91,55.5,2.329,2.415,0.8729,17.9,61,57,341,84.5,27.1098,25.6463,0.619,0.325,0.767,0.818,0.528,0.385,5237,2615,2622,49.9,8.6,0.906,St. Louis Blues,2004
82,21,46,15,57,34.8,2.354,3.463,0.6095,14.7,75,82,512,82.2,28.4756,30.6098,0.4,0.119,0.524,0.5,0.237,0.273,5010,2538,2472,50.7,8.3,0.887,St. Louis Blues,2006
82,34,35,13,81,49.4,2.537,3.024,1.0288,12.1,46,83,381,80,26.8537,28.8902,0.568,0.237,0.5,0.767,0.394,0.444,4769,2439,2330,51.1,9.4,0.895,St. Louis Blues,2007
82,33,36,13,79,48.2,2.463,2.829,0.9448,14.1,47,56,334,84.4,26.1098,27.4268,0.575,0.238,0.762,0.815,0.406,0.404,4610,2390,2220,51.8,9.4,0.897,St. Louis Blues,2008
82,41,31,10,92,56.1,2.768,2.768,0.9366,20.5,72,58,351,83.8,27.6951,28.5488,0.686,0.362,0.654,0.848,0.579,0.41,4669,2291,2378,49.1,10,0.903,St. Louis Blues,2009
82,40,32,10,90,54.9,2.659,2.659,0.9865,16.9,52,45,307,86.8,29.8171,30.1585,0.521,0.441,0.625,0.758,0.475,0.5,4816,2352,2464,48.8,8.9,0.912,St. Louis Blues,2010
82,38,33,11,87,53,2.878,2.78,1.0185,18.6,52,51,279,81.7,30.1829,27.7317,0.587,0.306,0.567,0.839,0.392,0.6,4608,2180,2428,47.3,9.5,0.9,St. Louis Blues,2011
82,49,22,11,109,66.5,2.512,1.89,1.3431,16.7,45,40,270,85.8,30.6341,26.7073,0.756,0.405,0.75,0.895,0.6,0.615,4633,2336,2297,50.4,8.2,0.929,St. Louis Blues,2012
48,29,17,2,60,62.5,2.583,2.375,1.0375,19.5,29,23,149,84.7,27.8333,24.1875,0.793,0.316,0.789,0.905,0.586,0.611,2835,1438,1397,50.7,9.3,0.902,St. Louis Blues,2013
82,52,23,7,111,67.7,2.915,2.293,1.2248,19.8,56,42,283,85.7,29.2927,26.378,0.837,0.333,0.848,0.892,0.617,0.697,4890,2536,2354,51.9,10,0.913,St. Louis Blues,2014
82,51,24,7,109,66.5,2.915,2.402,1.1812,22.3,56,42,251,83.7,30.9146,27.2317,0.783,0.417,0.808,0.842,0.66,0.556,5123,2737,2386,53.4,9.4,0.912,St. Louis Blues,2015
82,49,24,9,107,65.2,2.671,2.402,1.121,21.5,51,41,237,85.1,30.1707,29.7439,0.727,0.447,0.8,0.824,0.561,0.641,5031,2579,2452,51.3,8.9,0.919,St. Louis Blues,2016
82,46,29,7,99,60.4,2.841,2.634,1.1232,21.3,50,40,235,84.8,28.4146,28.378,0.689,0.405,0.769,0.879,0.7,0.378,4849,2438,2411,50.3,10,0.907,St. Louis Blues,2017
82,44,32,6,94,57.3,2.72,2.707,1.087,15.4,38,47,246,79.7,32.6463,29.7317,0.756,0.27,0.889,0.914,0.561,0.48,4915,2487,2428,50.6,8.3,0.909,St. Louis Blues,2018
82,45,28,9,99,60.4,2.976,2.683,1.1361,21.1,50,43,237,81.5,31.7561,28.5976,0.75,0.265,0.758,0.897,0.582,0.5,4767,2450,2317,51.4,9.4,0.906,St. Louis Blues,2019
71,42,19,10,94,66.2,3.141,2.676,1.2521,24.3,49,42,202,79.3,30.6901,29.5775,0.75,0.387,0.654,0.818,0.6,0.559,4020,2073,1947,51.6,10.2,0.91,St. Louis Blues,2020
56,27,20,9,63,56.3,2.982,2.982,0.9273,23.2,36,38,155,77.8,28.9643,29.8214,0.565,0.424,0.696,0.8,0.5,0.467,3145,1677,1468,53.3,10.3,0.9,St. Louis Blues,2021
82,27,36,4,73,44.5,2.402,2.878,0.9197,14.9,65,76,435,79.9,27.1951,27.122,0.553,0.136,0.667,0.733,0.4,0.256,5431,2800,2631,51.6,8.8,0.894,Calgary Flames,2001
82,32,35,3,79,48.2,2.451,2.683,0.9197,15.1,55,66,364,81.5,26.9146,27.3415,0.575,0.214,0.667,0.778,0.314,0.429,5487,2883,2604,52.5,9.1,0.902,Calgary Flames,2002
82,29,36,4,75,45.7,2.268,2.78,0.8451,12.1,47,65,389,83.3,28.5488,27.0976,0.556,0.196,0.636,0.625,0.327,0.407,5421,2923,2498,53.9,7.9,0.897,Calgary Flames,2003
82,42,30,3,94,57.3,2.439,2.146,1.1238,15.1,54,53,357,84.7,27.4146,25.4878,0.707,0.317,0.952,0.818,0.523,0.471,5548,2812,2736,50.7,8.9,0.916,Calgary Flames,2004
82,46,25,11,103,62.8,2.634,2.354,1.1613,18.2,87,80,478,84.2,28.0366,27.5732,0.64,0.438,0.629,0.868,0.628,0.457,4952,2496,2456,50.4,9.4,0.915,Calgary Flames,2006
82,43,29,10,96,58.5,3.11,2.695,1.2439,18.2,73,81,401,80.4,27.3415,30.5122,0.674,0.333,0.806,0.933,0.667,0.462,4770,2308,2462,48.4,11.4,0.912,Calgary Flames,2007
82,42,30,10,94,57.3,2.756,2.732,1.0741,16.8,59,72,352,81.5,28.2439,28.4756,0.659,0.342,0.773,0.8,0.486,0.525,4733,2344,2389,49.5,9.8,0.904,Calgary Flames,2008
82,46,30,6,98,59.8,3.061,3,1.0438,17,61,58,358,83.4,32.2317,29.7683,0.703,0.444,0.739,0.875,0.6,0.452,4787,2454,2333,51.3,9.5,0.899,Calgary Flames,2009
82,40,32,10,90,54.9,2.451,2.476,0.9928,16,43,54,268,82.3,28.6585,28.9268,0.66,0.219,0.714,0.868,0.432,0.474,4661,2237,2424,48,8.6,0.914,Calgary Flames,2010
82,41,29,12,94,57.3,2.939,2.805,1.0867,19.5,62,53,318,81.2,30.5,28.5122,0.718,0.302,0.731,0.833,0.521,0.433,4881,2350,2531,48.1,9.6,0.902,Calgary Flames,2011
82,37,29,16,90,54.9,2.427,2.646,0.8874,17.7,46,42,260,84.3,27.5366,30.8293,0.61,0.293,0.692,0.844,0.478,0.426,4804,2218,2586,46.2,8.8,0.914,Calgary Flames,2012
48,19,25,4,42,43.8,2.667,3.271,0.6774,20,31,28,155,81.5,26.9375,29.4167,0.6,0.174,0.688,0.8,0.294,0.483,3008,1403,1605,46.6,9.9,0.889,Calgary Flames,2013
82,35,40,7,77,47,2.463,2.902,0.7989,15.7,39,43,249,81.7,26.8171,28.5976,0.697,0.245,0.75,0.786,0.324,0.535,4872,2253,2619,46.2,9.2,0.899,Calgary Flames,2014
82,45,30,7,97,59.1,2.89,2.598,1.0387,18.8,48,36,255,80.7,27.4634,29.1585,0.694,0.435,0.889,0.923,0.455,0.591,5123,2431,2692,47.5,10.5,0.911,Calgary Flames,2015
82,35,40,7,77,47,2.793,3.134,0.8994,17,46,57,270,75.5,29.2439,28.9878,0.587,0.222,0.692,0.839,0.514,0.364,4961,2411,2550,48.6,9.5,0.892,Calgary Flames,2016
82,45,33,4,94,57.3,2.707,2.671,0.9792,20.2,52,51,257,81.6,29.122,28.7073,0.711,0.409,0.821,0.971,0.564,0.513,4970,2432,2538,48.9,9.3,0.907,Calgary Flames,2017
82,37,35,10,84,51.2,2.634,2.963,0.9304,16,43,49,269,81.8,33.6463,31.1463,0.647,0.313,0.696,0.833,0.429,0.483,5056,2496,2560,49.4,7.8,0.905,Calgary Flames,2018
82,50,25,7,107,65.2,3.524,2.72,1.2617,19.3,53,50,275,79.7,32.3902,28.0732,0.878,0.341,0.875,0.969,0.571,0.68,4755,2490,2265,52.4,10.9,0.903,Calgary Flames,2019
70,36,27,7,79,56.4,2.914,3.057,0.9178,21.2,41,35,193,82.1,31.6,32.4429,0.667,0.4,0.857,0.852,0.5,0.485,4120,2022,2098,49.1,9.2,0.906,Calgary Flames,2020
56,26,27,3,55,49.1,2.768,2.857,1.0667,18.3,32,34,175,80.2,30.1607,28.1607,0.741,0.207,0.737,0.957,0.471,0.429,3085,1541,1544,50,9.2,0.899,Calgary Flames,2021
82,52,16,4,118,72,3.293,2.341,1.1852,22,80,59,363,82.8,29.2073,25.1098,0.773,0.474,0.818,0.851,0.636,0.64,5649,2900,2749,51.3,11.3,0.907,Colorado Avalanche,2001
82,45,28,1,99,60.4,2.585,2.061,1.1852,18,62,41,344,87,27.4634,26.5488,0.711,0.409,0.76,0.971,0.476,0.658,5427,2791,2636,51.4,9.4,0.922,Colorado Avalanche,2002
82,42,19,8,105,64,3.061,2.366,1.4907,18.7,68,63,363,82.5,29.0976,28.3293,0.612,0.364,0.658,0.756,0.429,0.6,5295,2537,2758,47.9,10.5,0.916,Colorado Avalanche,2003
82,40,22,7,100,61,2.878,2.415,1.2301,20.4,74,58,363,83.8,29.4024,28.3537,0.596,0.343,0.677,0.8,0.511,0.5,5401,2701,2700,50,9.8,0.915,Colorado Avalanche,2004
82,43,30,9,95,57.9,3.415,3.061,1.0855,18.8,89,69,473,84.6,30.0488,29.4512,0.633,0.364,0.636,0.909,0.605,0.442,4984,2397,2587,48.1,11.4,0.896,Colorado Avalanche,2006
82,44,31,7,95,57.9,3.256,3.012,1.0892,21.1,79,70,374,80.2,31.7439,29,0.667,0.419,0.692,0.818,0.549,0.483,4793,2331,2462,48.6,10.3,0.896,Colorado Avalanche,2007
82,44,31,7,95,57.9,2.732,2.634,1.1571,14.6,49,56,335,81.4,28.6463,27.2805,0.811,0.311,0.778,0.875,0.596,0.452,4495,2148,2347,47.8,9.5,0.903,Colorado Avalanche,2008
82,32,45,5,69,42.1,2.317,3.085,0.7515,15.7,50,64,318,79.9,28.7683,28.9756,0.581,0.275,0.652,0.909,0.394,0.404,4600,2199,2401,47.8,8.1,0.894,Colorado Avalanche,2009
82,43,30,9,95,57.9,2.89,2.78,1.0822,18.1,56,60,310,80.2,27.8902,32.061,0.65,0.405,0.758,0.805,0.5,0.527,4535,2165,2370,47.7,10.4,0.913,Colorado Avalanche,2010
82,30,44,8,68,41.5,2.695,3.5,0.8764,18.5,49,75,265,76.1,29.1951,31.8171,0.545,0.245,0.714,0.944,0.276,0.426,4811,2436,2375,50.6,9.2,0.89,Colorado Avalanche,2011
82,41,35,6,88,53.7,2.427,2.659,0.9262,18.4,41,47,223,83,31.5,29.5854,0.676,0.375,0.808,0.821,0.422,0.595,4666,2409,2257,51.6,7.7,0.91,Colorado Avalanche,2012
48,16,25,7,39,40.6,2.375,3.125,0.8283,15,21,36,140,80.3,29.4792,31.4167,0.563,0.219,0.7,0.643,0.304,0.333,2837,1449,1388,51.1,8.1,0.901,Colorado Avalanche,2013
82,52,22,8,112,68.3,2.988,2.634,1.1176,19.8,50,48,252,80.7,29.5122,32.6585,0.822,0.405,0.818,0.921,0.5,0.761,4907,2428,2479,49.5,10.1,0.919,Colorado Avalanche,2014
82,39,31,12,90,54.9,2.549,2.72,0.9938,15,37,37,247,84.7,27.878,33.1585,0.676,0.311,0.696,0.852,0.6,0.418,5039,2561,2478,50.8,9.1,0.918,Colorado Avalanche,2015
82,39,39,4,82,50,2.585,2.927,0.9205,18.1,48,51,266,80.2,28.6341,32.3049,0.614,0.316,0.724,0.758,0.407,0.529,4782,2384,2398,49.9,9,0.909,Colorado Avalanche,2016
82,22,56,4,48,29.3,2.012,3.366,0.5876,12.6,30,64,239,76.6,28.0854,31.7439,0.5,0.172,0.5,0.579,0.31,0.22,4907,2631,2276,53.6,7.2,0.894,Colorado Avalanche,2017
82,43,30,9,95,57.9,3.11,2.878,1.0857,22,65,45,296,83.3,29.6585,33.3049,0.766,0.2,0.815,0.875,0.448,0.577,4828,2135,2693,44.2,10.5,0.914,Colorado Avalanche,2018
82,38,30,14,90,54.9,3.146,2.976,1.0195,22,63,58,286,78.7,32.6341,31.939,0.7,0.238,0.75,0.875,0.524,0.395,4875,2346,2529,48.1,9.6,0.907,Colorado Avalanche,2019
70,42,20,8,92,65.7,3.371,2.714,1.4087,19.1,46,39,241,81.4,32.2429,31.3286,0.698,0.444,0.731,0.85,0.559,0.636,4095,2031,2064,49.6,10.5,0.913,Colorado Avalanche,2020
56,39,13,4,82,73.2,3.518,2.357,1.4886,22.7,47,30,207,83,34.5893,25.4107,0.806,0.5,0.87,0.939,0.733,0.545,3235,1670,1565,51.6,10.2,0.907,Colorado Avalanche,2021
82,39,28,3,93,56.7,2.963,2.707,1.1786,14.8,59,62,398,83.8,26.1585,26.0854,0.692,0.279,0.696,0.853,0.487,0.45,5422,2769,2653,51.1,11.3,0.896,Edmonton Oilers,2001
82,38,28,4,92,56.1,2.5,2.22,1.1786,15.3,51,50,333,85.6,27.5122,25.8537,0.632,0.318,0.645,0.788,0.478,0.438,5107,2573,2534,50.4,9.1,0.914,Edmonton Oilers,2002
82,36,26,9,92,56.1,2.817,2.805,1.0423,14.5,56,61,386,82.6,27.9634,27.4146,0.605,0.256,0.69,0.667,0.45,0.436,5140,2627,2513,51.1,10.1,0.898,Edmonton Oilers,2003
82,36,29,5,89,54.3,2.695,2.537,1.2231,13,44,66,338,81.1,28.439,26.5244,0.657,0.277,0.652,0.889,0.415,0.5,5303,2699,2604,50.9,9.5,0.904,Edmonton Oilers,2004
82,41,28,13,95,57.9,3.037,2.951,0.8986,18.1,88,76,485,84.1,29.7805,25.5488,0.775,0.238,0.696,0.84,0.5,0.5,4918,2626,2292,53.4,10.2,0.884,Edmonton Oilers,2006
82,32,43,7,71,43.3,2.341,2.988,0.7702,14.2,53,59,373,84.5,26.7439,29.7439,0.55,0.238,0.682,0.917,0.385,0.4,4625,2381,2244,51.5,8.8,0.9,Edmonton Oilers,2007
82,41,35,6,88,53.7,2.683,3.012,0.8639,16.6,57,56,344,84.7,26.2927,31.378,0.75,0.304,0.696,0.828,0.44,0.536,4601,2323,2278,50.5,10.2,0.904,Edmonton Oilers,2008
82,38,35,9,85,51.8,2.78,2.976,1.0133,16.9,60,76,354,77.5,28.0854,32.5366,0.718,0.233,0.808,0.893,0.4,0.482,4764,2281,2483,47.9,9.9,0.909,Edmonton Oilers,2009
82,27,47,8,62,37.8,2.512,3.39,0.75,17.3,52,67,301,78,28.3049,33.122,0.588,0.146,0.778,0.81,0.28,0.345,4677,2170,2507,46.4,8.9,0.898,Edmonton Oilers,2010
82,25,45,12,62,37.8,2.329,3.171,0.7427,14.5,44,74,304,77,26.6829,31.6707,0.563,0.14,0.75,0.682,0.182,0.375,4611,2036,2575,44.2,8.7,0.9,Edmonton Oilers,2011
82,32,40,10,74,45.1,2.524,2.829,0.9085,20.6,54,52,262,82.4,26.6585,30.7073,0.575,0.214,0.571,0.828,0.4,0.373,4573,2182,2391,47.7,9.5,0.908,Edmonton Oilers,2012
48,19,22,7,45,46.9,2.563,2.729,0.9011,20.1,34,29,169,83.4,26.7708,32.75,0.5,0.292,0.688,0.75,0.727,0.314,2747,1267,1480,46.1,9.6,0.917,Edmonton Oilers,2013
82,29,44,9,67,40.9,2.427,3.256,0.7104,17,46,50,271,82.1,26.9268,32.878,0.486,0.255,0.714,0.789,0.417,0.321,4886,2395,2491,49,9,0.901,Edmonton Oilers,2014
82,24,44,14,62,37.8,2.354,3.366,0.6784,17.7,41,51,232,76.7,28.4268,30.0488,0.471,0.167,0.435,0.63,0.333,0.273,4957,2390,2567,48.2,8.3,0.888,Edmonton Oilers,2015
82,31,43,8,70,42.7,2.427,2.951,0.7882,18.1,43,48,237,81.1,29.0976,31.0732,0.622,0.178,0.773,0.857,0.321,0.423,4978,2429,2549,48.8,8.3,0.905,Edmonton Oilers,2016
82,47,26,9,103,62.8,2.963,2.524,1.1857,22.9,56,43,245,80.7,31.061,29.4634,0.756,0.39,0.75,0.906,0.489,0.676,4894,2302,2592,47,9.5,0.914,Edmonton Oilers,2017
82,36,40,6,78,47.6,2.793,3.195,0.9261,14.8,31,57,210,76.7,33.4146,32.122,0.595,0.311,0.783,0.913,0.463,0.378,4917,2394,2523,48.7,8.4,0.901,Edmonton Oilers,2018
82,35,38,9,79,48.2,2.793,3.305,0.8156,21.2,47,62,222,74.8,29.1707,31.6951,0.575,0.286,0.63,0.778,0.438,0.435,4810,2327,2483,48.4,9.6,0.896,Edmonton Oilers,2019
71,37,25,9,83,58.5,3.141,3.028,0.8987,29.5,59,31,200,84.4,29.5775,32.0282,0.744,0.25,0.815,0.897,0.429,0.564,3930,1925,2005,49,10.6,0.905,Edmonton Oilers,2020
56,35,19,2,72,64.3,3.268,2.75,0.9914,27.6,48,27,174,82.5,29.8929,30.6607,0.852,0.414,0.826,0.897,0.583,0.633,2977,1501,1476,50.4,10.9,0.91,Edmonton Oilers,2021
82,36,28,7,90,54.9,2.915,2.902,1.1679,17.1,71,74,416,80.9,29.6829,25.878,0.6,0.243,0.71,0.765,0.463,0.4,5555,2603,2952,46.9,9.8,0.888,Vancouver Canucks,2001
82,42,30,3,94,57.3,3.098,2.573,1.1679,18.6,69,57,372,85,28.3659,25.3537,0.681,0.286,0.75,0.875,0.529,0.5,5518,2796,2722,50.7,10.9,0.899,Vancouver Canucks,2002
82,45,23,1,104,63.4,3.22,2.537,1.2016,20.8,87,62,419,84.1,29.122,26.6463,0.605,0.487,0.735,0.833,0.58,0.517,5339,2661,2678,49.8,11.1,0.905,Vancouver Canucks,2003
82,43,24,5,101,61.6,2.866,2.366,1.256,15,56,50,374,86,29.0122,26.622,0.646,0.353,0.594,0.867,0.523,0.529,5365,2747,2618,51.2,9.9,0.911,Vancouver Canucks,2004
82,42,32,8,92,56.1,3.073,3.061,0.9481,18.2,96,93,526,81.8,28.7561,30.0732,0.667,0.391,0.909,0.818,0.6,0.469,4936,2376,2560,48.1,10.7,0.898,Vancouver Canucks,2006
82,49,26,7,105,64,2.646,2.402,1,17.2,70,57,407,86.9,29.3293,29.2439,0.773,0.395,0.778,0.833,0.641,0.538,4718,2323,2395,49.2,9,0.918,Vancouver Canucks,2007
82,39,33,10,88,53.7,2.524,2.512,1,17.1,63,64,369,82.6,27.4634,28.8659,0.714,0.225,0.692,0.931,0.529,0.419,4558,2219,2339,48.7,9.2,0.913,Vancouver Canucks,2008
82,45,27,10,100,61,2.963,2.598,1.2143,18.8,67,69,357,81.4,28.4756,29.1707,0.702,0.343,0.735,0.909,0.568,0.513,4726,2451,2275,51.9,10.4,0.911,Vancouver Canucks,2009
82,49,28,5,103,62.8,3.268,2.659,1.2429,20.9,68,59,325,81.6,30.9024,29.5,0.795,0.419,0.839,0.97,0.5,0.719,4738,2434,2304,51.4,10.6,0.91,Vancouver Canucks,2010
82,54,19,9,117,71.3,3.146,2.195,1.32,24.3,72,45,296,85.6,32,30.122,0.837,0.394,0.914,0.927,0.609,0.742,4836,2653,2183,54.9,9.8,0.927,Vancouver Canucks,2011
82,51,22,9,111,67.7,2.939,2.329,1.1852,19.8,57,40,288,86,31.5,30.8049,0.75,0.346,0.806,0.914,0.591,0.639,4849,2529,2320,52.2,9.3,0.924,Vancouver Canucks,2012
48,26,15,7,59,61.5,2.542,2.396,1.0244,15.8,26,27,165,84,28.125,28.9375,0.645,0.353,0.714,0.783,0.5,0.556,2868,1365,1503,47.6,9,0.917,Vancouver Canucks,2013
82,36,35,11,83,50.6,2.329,2.634,0.9267,15.2,39,46,257,83.2,30.8171,28.378,0.553,0.341,0.652,0.75,0.4,0.472,4933,2534,2399,51.4,7.6,0.907,Vancouver Canucks,2014
82,48,29,5,101,61.6,2.878,2.683,0.9627,19.3,46,38,238,85.7,29.9146,29.8293,0.771,0.447,0.773,0.882,0.65,0.524,4993,2330,2663,46.7,9.6,0.91,Vancouver Canucks,2015
82,31,38,13,75,45.7,2.268,2.915,0.8052,15.8,39,47,247,81.1,28.1829,32.5366,0.5,0.292,0.591,0.6,0.28,0.436,4892,2223,2669,45.4,8,0.91,Vancouver Canucks,2016
82,30,43,9,69,42.1,2.171,2.939,0.805,14.1,32,52,227,76.7,27.7195,31.7683,0.586,0.245,0.667,0.81,0.333,0.4,4960,2537,2423,51.1,7.8,0.907,Vancouver Canucks,2017
82,31,40,11,73,44.5,2.659,3.159,0.8415,21.5,53,60,247,78.3,30.0488,32.2073,0.515,0.286,0.875,0.75,0.281,0.435,4901,2427,2474,49.5,8.8,0.902,Vancouver Canucks,2018
82,35,36,11,81,49.4,2.671,3.024,0.8343,17.1,43,48,251,81.1,29.6707,31.6707,0.727,0.224,0.75,0.75,0.382,0.447,4857,2404,2453,49.5,9,0.905,Vancouver Canucks,2019
69,36,27,6,78,56.5,3.246,3.101,0.9724,24.1,57,42,236,80.5,31.2029,33.2899,0.774,0.316,0.75,0.885,0.371,0.667,4008,2166,1842,54,10.4,0.907,Vancouver Canucks,2020
56,23,29,4,50,44.6,2.643,3.339,0.7939,17.4,27,37,155,79.8,29.0893,33.3929,0.72,0.161,0.706,0.882,0.357,0.429,3162,1655,1507,52.3,9.1,0.9,Vancouver Canucks,2021
82,25,41,5,66,40.2,2.293,2.988,0.9206,17.7,66,71,373,81.8,25.8902,29.4756,0.486,0.156,0.435,0.75,0.355,0.28,5520,2668,2852,48.3,8.9,0.899,Anaheim Ducks,2001
82,29,42,3,69,42.1,2.134,2.415,0.9206,11.5,43,46,373,86.1,26.122,27.4756,0.538,0.186,0.609,0.88,0.382,0.348,5410,2758,2652,51,8.2,0.912,Anaheim Ducks,2002
82,40,27,6,95,57.9,2.476,2.354,0.9542,16.1,56,42,348,87.4,27.3902,28.9878,0.667,0.3,0.692,0.765,0.459,0.5,5120,2827,2293,55.2,9,0.919,Anaheim Ducks,2003
82,29,35,8,76,46.3,2.244,2.598,0.8143,18.1,56,54,310,84.7,29.7317,29.7927,0.526,0.205,0.556,0.792,0.361,0.341,5208,2882,2326,55.3,7.5,0.913,Anaheim Ducks,2004
82,43,27,12,98,59.8,3.061,2.707,1.2035,18.1,87,84,480,83.5,31.5244,29.6463,0.684,0.386,0.688,0.838,0.551,0.448,4995,2535,2460,50.8,9.7,0.909,Anaheim Ducks,2006
82,48,20,14,110,67.1,3.098,2.415,1.1484,22.4,89,61,398,85.1,31.4878,27.4146,0.708,0.412,0.724,0.842,0.556,0.64,4675,2424,2251,51.9,9.8,0.912,Anaheim Ducks,2007
82,47,27,8,102,62.2,2.402,2.244,1.17,16.6,60,69,361,83.1,27.3293,28.0488,0.788,0.429,0.821,0.909,0.694,0.439,4625,2320,2305,50.2,8.8,0.92,Anaheim Ducks,2008
82,42,33,7,91,55.5,2.902,2.866,1.0949,23.6,73,78,309,79.7,30.2561,30.4756,0.791,0.205,0.76,0.963,0.425,0.625,4616,2299,2317,49.8,9.6,0.906,Anaheim Ducks,2009
82,39,32,11,89,54.3,2.841,2.963,0.9805,21,63,67,300,79.3,30.1463,33.378,0.568,0.368,0.742,0.743,0.576,0.396,4550,2187,2363,48.1,9.4,0.911,Anaheim Ducks,2010
82,47,30,5,99,60.4,2.866,2.841,0.8917,23.5,67,57,285,81.3,28.4634,32.2927,0.739,0.361,0.893,0.909,0.406,0.667,4627,2206,2421,47.7,10.1,0.912,Anaheim Ducks,2011
82,34,36,12,80,48.8,2.451,2.732,0.9045,16.6,45,51,271,82,27.939,28.8659,0.579,0.273,0.696,0.806,0.381,0.462,4540,2152,2388,47.4,8.8,0.905,Anaheim Ducks,2012
48,30,12,6,66,68.8,2.792,2.396,1.2778,21.5,29,30,135,81.5,28.0625,27.9167,0.75,0.5,0.8,0.895,0.615,0.667,2907,1382,1525,47.5,9.9,0.914,Anaheim Ducks,2013
82,54,20,8,116,70.7,3.207,2.476,1.3913,16,44,48,275,82.2,31.3293,28.6951,0.738,0.575,0.813,0.93,0.633,0.759,5266,2591,2675,49.2,10.2,0.914,Anaheim Ducks,2014
82,51,24,7,109,66.5,2.78,2.695,1.0395,15.7,37,52,235,81,29.9756,28.8659,0.766,0.429,0.813,0.938,0.59,0.643,5135,2652,2483,51.6,9.3,0.907,Anaheim Ducks,2015
82,46,25,11,103,62.8,2.622,2.293,0.9695,23.1,56,37,242,87.2,30.2805,27.5366,0.667,0.387,0.697,0.857,0.56,0.567,4807,2497,2310,52,8.7,0.917,Anaheim Ducks,2016
82,46,23,13,105,64,2.683,2.402,1.1328,18.7,47,43,251,84.7,29.5732,29.622,0.733,0.351,0.719,0.892,0.564,0.6,4913,2687,2226,54.7,9.1,0.919,Anaheim Ducks,2017
82,44,25,13,101,61.6,2.817,2.549,1.146,17.8,38,46,214,83.2,30.1829,33.122,0.732,0.341,0.719,0.78,0.571,0.542,4875,2499,2376,51.3,9.3,0.923,Anaheim Ducks,2018
82,35,37,10,80,48.8,2.39,3.024,0.8831,17,36,55,212,79.7,27.6951,33.2317,0.59,0.279,0.68,0.769,0.44,0.426,4663,2394,2269,51.3,8.6,0.909,Anaheim Ducks,2019
71,29,33,9,67,47.2,2.563,3.169,0.8784,14.7,27,49,184,77,29.662,32.1408,0.583,0.229,0.9,0.806,0.185,0.585,3940,1991,1949,50.5,8.6,0.901,Anaheim Ducks,2020
56,17,30,9,43,38.4,2.214,3.161,0.8197,8.9,11,33,123,79.9,26.7857,30.5714,0.444,0.172,0.529,0.643,0.316,0.306,3118,1591,1527,51,8.3,0.897,Anaheim Ducks,2021
82,48,24,2,106,64.6,2.939,2.28,1.0547,19.6,72,49,367,86.2,25.6098,24.9146,0.8,0.324,0.828,0.946,0.625,0.55,5152,2636,2516,51.2,11.5,0.908,Dallas Stars,2001
82,36,28,5,90,54.9,2.622,2.598,1.0547,17.1,60,59,350,81.5,28.4756,26.0366,0.556,0.297,0.724,0.88,0.34,0.581,5356,2828,2528,52.8,9.2,0.9,Dallas Stars,2002
82,46,17,4,111,67.7,2.988,2.061,1.4808,19,62,50,327,85.5,30.0732,25.2805,0.705,0.395,0.824,0.881,0.582,0.429,5276,2650,2626,50.2,9.9,0.918,Dallas Stars,2003
82,41,26,2,97,59.1,2.366,2.134,1.1351,15.8,52,44,328,85.8,26.7805,23.1951,0.732,0.268,0.857,0.818,0.577,0.346,5052,2597,2455,51.4,8.8,0.908,Dallas Stars,2004
82,53,23,6,112,68.3,3.085,2.646,1.2066,17.7,88,82,498,83.7,28.4878,25.5976,0.721,0.564,0.857,0.816,0.653,0.613,4830,2428,2402,50.3,10.8,0.897,Dallas Stars,2006
82,50,25,7,107,65.2,2.646,2.354,1.0609,18.5,79,59,427,84.3,28,25.4024,0.78,0.439,0.893,0.882,0.638,0.613,4473,2240,2233,50.1,9.5,0.907,Dallas Stars,2007
82,45,30,7,97,59.1,2.89,2.488,1.1136,18.1,64,51,354,85.6,26.6707,26.061,0.625,0.476,0.704,0.775,0.636,0.472,4321,2178,2143,50.4,10.8,0.905,Dallas Stars,2008
82,36,35,11,83,50.6,2.732,3.061,0.9448,15.4,54,70,351,78.6,28.9024,28.0976,0.605,0.295,0.826,0.867,0.439,0.436,4433,2120,2313,47.8,9.5,0.891,Dallas Stars,2009
82,37,31,14,88,53.7,2.805,2.976,0.9809,18.6,61,65,328,77.4,30.7805,31.2073,0.657,0.298,0.667,0.88,0.474,0.425,4592,2210,2382,48.1,9.1,0.905,Dallas Stars,2010
82,42,29,11,95,57.9,2.707,2.756,1,18,55,55,306,80.1,27.6707,30.5366,0.821,0.233,0.897,0.889,0.625,0.478,4776,2386,2390,50,9.8,0.91,Dallas Stars,2011
82,42,35,5,89,54.3,2.488,2.659,0.9803,13.5,33,52,244,82.8,28.2317,30.8171,0.732,0.293,0.8,0.929,0.515,0.5,4742,2329,2413,49.1,8.8,0.914,Dallas Stars,2012
48,22,22,4,48,50,2.667,2.938,1.0109,17,29,34,171,81,26.2708,31.0208,0.696,0.24,0.737,0.706,0.5,0.441,2875,1356,1519,47.2,10.2,0.905,Dallas Stars,2013
82,40,31,11,91,55.5,2.817,2.72,1.0392,15.9,46,49,290,81.4,31.6707,30.3902,0.651,0.308,0.767,0.879,0.5,0.452,5127,2568,2559,50.1,8.9,0.911,Dallas Stars,2014
82,41,31,10,92,56.1,3.134,3.134,0.9832,19,55,49,290,80.7,31.1951,29.9268,0.644,0.324,0.75,0.763,0.357,0.611,5418,2804,2614,51.8,10,0.895,Dallas Stars,2015
82,50,23,9,109,66.5,3.232,2.78,1.0844,22.1,58,44,262,82.3,32,28.9146,0.756,0.463,0.828,0.943,0.58,0.7,5174,2597,2577,50.2,10.1,0.904,Dallas Stars,2016
82,34,37,11,79,48.2,2.707,3.171,0.9613,17.9,46,65,257,73.9,30.5488,29.7439,0.676,0.2,0.714,0.786,0.333,0.5,5111,2551,2560,49.9,8.9,0.893,Dallas Stars,2017
82,42,32,8,92,56.1,2.817,2.707,1.0963,19.3,47,54,244,80.8,31.2195,29.8415,0.682,0.316,0.731,0.861,0.463,0.629,5144,2701,2443,52.5,9,0.909,Dallas Stars,2018
82,43,32,7,93,56.7,2.549,2.439,1.0149,21,45,41,214,82.8,30.7195,31.5976,0.744,0.282,0.81,0.909,0.528,0.522,4875,2529,2346,51.9,8.3,0.923,Dallas Stars,2019
69,37,24,8,82,59.4,2.58,2.522,0.9818,21.1,42,44,199,79.7,30.6232,31.5507,0.719,0.378,0.85,0.885,0.581,0.485,3994,2070,1924,51.8,8.4,0.92,Dallas Stars,2020
56,23,19,14,60,53.6,2.786,2.643,1.086,23.6,37,32,157,79.1,30.3393,27.1071,0.654,0.2,0.75,0.857,0.457,0.333,3218,1668,1550,51.8,9.2,0.903,Dallas Stars,2021
82,38,28,3,92,56.1,3.073,2.78,1,19.4,71,72,367,81.2,27.9024,26.3415,0.625,0.235,0.697,0.861,0.537,0.359,5392,2733,2659,50.7,11,0.894,Los Angeles Kings,2001
82,40,27,4,95,57.9,2.61,2.317,1,20.7,73,49,353,86.6,25.7317,25.0122,0.643,0.325,0.741,0.897,0.476,0.5,5232,2680,2552,51.2,10.1,0.907,Los Angeles Kings,2002
82,33,37,6,78,47.6,2.476,2.695,0.9632,14.7,52,62,354,83.3,27.7073,26.1098,0.524,0.275,0.737,0.806,0.467,0.343,5263,2581,2682,49,8.9,0.897,Los Angeles Kings,2003
82,28,29,9,81,49.4,2.5,2.646,1.0313,14,50,65,356,80.7,28.6463,26.9878,0.545,0.105,0.481,0.727,0.395,0.257,5537,2829,2708,51.1,8.7,0.902,Los Angeles Kings,2004
82,42,35,5,89,54.3,2.963,3.28,0.9583,14.2,77,104,541,78.7,29.1951,29.9878,0.625,0.405,0.786,0.893,0.568,0.467,5003,2495,2508,49.9,10.2,0.891,Los Angeles Kings,2006
82,27,41,14,68,41.5,2.72,3.378,0.7683,18.3,81,91,442,77.9,31,29.7561,0.459,0.222,0.571,0.708,0.34,0.281,4756,2270,2486,47.7,8.8,0.886,Los Angeles Kings,2007
82,32,43,7,71,43.3,2.756,3.207,0.8057,17.4,64,68,367,78,28.6463,32.0122,0.515,0.306,0.565,0.917,0.375,0.407,4594,2197,2397,47.8,9.6,0.9,Los Angeles Kings,2008
82,34,37,11,79,48.2,2.463,2.756,0.8201,19.2,69,62,360,82.9,29.061,28.061,0.667,0.186,0.818,0.8,0.455,0.333,4559,2370,2189,52,8.5,0.902,Los Angeles Kings,2009
82,46,27,9,101,61.6,2.817,2.573,1.0741,20.9,64,60,307,80.3,29.1341,27.561,0.739,0.333,0.815,0.935,0.513,0.571,4503,2279,2224,50.6,9.7,0.907,Los Angeles Kings,2010
82,46,30,6,98,59.8,2.549,2.39,1.0496,16.1,47,40,292,85.5,28.8171,27.9024,0.72,0.313,0.731,0.963,0.5,0.618,4708,2407,2301,51.1,8.8,0.914,Los Angeles Kings,2011
82,40,27,15,95,57.9,2.293,2.073,0.9752,17,49,38,289,87,30.5976,27.4146,0.711,0.216,0.8,0.824,0.49,0.5,4647,2394,2253,51.5,7.5,0.924,Los Angeles Kings,2012
48,27,16,5,59,61.5,2.729,2.375,1.0864,19.9,33,27,166,83.2,29.8125,24.9583,0.808,0.273,0.938,0.864,0.576,0.533,2826,1470,1356,52,9.2,0.905,Los Angeles Kings,2013
82,46,28,8,100,61,2.415,2.049,1.2762,15.1,43,50,284,83.1,31.6463,26.2073,0.692,0.333,0.767,0.9,0.528,0.68,4870,2569,2301,52.8,7.6,0.922,Los Angeles Kings,2014
82,40,27,15,95,57.9,2.659,2.402,1.1832,19,47,45,247,80.9,30.9268,27,0.659,0.317,0.724,0.771,0.545,0.435,4929,2530,2399,51.3,8.6,0.911,Los Angeles Kings,2015
82,48,28,6,102,62.2,2.72,2.341,1.1653,20,47,53,235,81.4,32.0122,27.4878,0.682,0.474,0.708,0.838,0.585,0.636,5017,2534,2483,50.5,8.5,0.915,Los Angeles Kings,2016
82,39,35,8,86,52.4,2.427,2.451,0.9556,19.1,46,38,241,84.5,31.1341,25.8537,0.677,0.353,0.765,0.864,0.5,0.421,4948,2512,2436,50.8,7.8,0.905,Los Angeles Kings,2017
82,45,29,8,98,59.8,2.89,2.463,1.1567,20.4,49,39,240,85,31.0244,30.939,0.781,0.4,0.75,0.9,0.619,0.462,4884,2429,2455,49.7,9.3,0.92,Los Angeles Kings,2018
82,31,42,9,71,43.3,2.427,3.159,0.8246,15.8,35,54,221,76.5,28.7561,31.439,0.7,0.192,0.867,0.833,0.375,0.375,4776,2410,2366,50.5,8.4,0.9,Los Angeles Kings,2019
70,29,35,6,64,45.7,2.529,2.986,0.8429,17.1,33,43,193,77.4,33.2143,29.7,0.59,0.194,0.655,0.9,0.37,0.5,3998,2031,1967,50.8,7.6,0.899,Los Angeles Kings,2020
56,21,28,7,49,43.8,2.536,3.018,0.7983,18.9,32,26,169,83.7,28.3393,31.1786,0.667,0.2,0.769,0.875,0.375,0.333,2981,1509,1472,50.6,8.9,0.903,Los Angeles Kings,2021
82,40,27,3,95,57.9,2.646,2.341,1.3333,14,57,61,406,86.2,27.6463,26.4512,0.658,0.341,0.76,0.957,0.622,0.353,5450,2630,2820,48.3,9.6,0.911,San Jose Sharks,2001
82,44,27,3,99,60.4,3.024,2.427,1.3333,15.7,58,54,369,85.8,27.1707,28.4756,0.739,0.278,0.828,0.846,0.606,0.5,5421,2654,2767,49,11.1,0.915,San Jose Sharks,2002
82,28,37,8,73,44.5,2.61,2.915,0.9231,18.1,68,68,375,81,28.0854,29.1707,0.4,0.286,0.593,0.714,0.343,0.341,5300,2666,2634,50.3,9.3,0.9,San Jose Sharks,2003
82,43,21,6,104,63.4,2.671,2.232,1.188,16.6,56,47,337,85.3,28.0488,28.939,0.667,0.351,0.694,0.872,0.556,0.523,5432,2632,2800,48.5,9.5,0.923,San Jose Sharks,2004
82,44,27,11,99,60.4,3.232,2.866,1.1333,18.2,91,77,500,80.7,30.2805,26.5854,0.75,0.333,0.833,0.906,0.593,0.444,4851,2346,2505,48.4,10.7,0.892,San Jose Sharks,2006
82,51,26,5,107,65.2,3.122,2.402,1.124,22.4,92,55,410,83.3,28.6098,26.2073,0.833,0.4,0.853,0.891,0.66,0.536,4481,2288,2193,51.1,10.9,0.908,San Jose Sharks,2007
82,49,23,10,108,65.9,2.634,2.28,1.0738,18.7,70,44,374,85.8,29.6098,24.1585,0.679,0.423,0.667,0.921,0.649,0.476,4256,2178,2078,51.2,8.9,0.906,San Jose Sharks,2008
82,53,18,11,117,71.3,3.061,2.427,1.088,24.2,87,51,360,83.3,33.1707,27.1707,0.783,0.472,0.828,0.868,0.642,0.72,4596,2472,2124,53.8,9.2,0.911,San Jose Sharks,2009
82,51,20,11,113,68.9,3.134,2.549,1.2313,21,65,49,309,85,31.7317,31.3537,0.795,0.465,0.821,0.878,0.59,0.692,4740,2636,2104,55.6,9.9,0.919,San Jose Sharks,2010
82,48,25,9,105,64,2.963,2.537,1.1579,23.5,68,56,289,79.6,34.5366,28.8902,0.744,0.41,0.773,0.806,0.583,0.55,4806,2582,2224,53.7,8.6,0.912,San Jose Sharks,2011
82,43,29,10,96,58.5,2.671,2.5,1.097,21.1,57,52,270,76.9,33.8171,28.561,0.757,0.333,0.789,0.853,0.508,0.591,4857,2590,2267,53.3,7.9,0.912,San Jose Sharks,2012
48,25,16,7,57,59.4,2.417,2.333,1,20.1,34,22,169,85,31.7917,28.9583,0.8,0.217,0.824,0.833,0.571,0.438,3010,1607,1403,53.4,7.6,0.919,San Jose Sharks,2013
82,51,22,9,111,67.7,2.915,2.354,1.1655,17.2,50,33,291,84.9,34.7683,27.8171,0.766,0.429,0.75,0.902,0.636,0.609,5204,2747,2457,52.8,8.4,0.915,San Jose Sharks,2014
82,40,33,9,89,54.3,2.732,2.756,0.9103,21.6,55,48,254,78.5,31.5976,29.7073,0.707,0.268,0.786,0.8,0.5,0.5,5196,2698,2498,51.9,8.6,0.907,San Jose Sharks,2015
82,46,30,6,98,59.8,2.89,2.524,1.1194,22.6,62,46,275,80.5,30.378,27.378,0.814,0.282,0.862,0.933,0.538,0.654,4876,2472,2404,50.7,9.5,0.908,San Jose Sharks,2016
82,46,29,7,99,60.4,2.671,2.439,1.1259,16.7,41,41,246,80.7,29.9146,27.6707,0.745,0.314,0.867,0.868,0.524,0.579,4776,2299,2477,48.1,8.9,0.912,San Jose Sharks,2017
82,45,27,10,100,61,3.012,2.756,0.9578,20.6,53,34,257,84.8,32.9512,30.3415,0.7,0.405,0.833,0.909,0.5,0.583,4991,2558,2433,51.2,9.1,0.909,San Jose Sharks,2018
82,46,27,9,101,61.6,3.524,3.146,1.0376,23.6,57,45,241,80.8,33.0244,28.3293,0.705,0.395,0.813,0.872,0.582,0.542,4722,2376,2346,50.3,10.7,0.889,San Jose Sharks,2019
70,29,36,5,63,45,2.571,3.214,0.7593,17.5,33,32,189,85.7,30.0143,30.5714,0.625,0.237,0.737,0.87,0.417,0.419,3817,1868,1949,48.9,8.6,0.895,San Jose Sharks,2020
56,21,28,7,49,43.8,2.607,3.5,0.7836,14.1,22,36,156,80.4,30.0357,31.9821,0.464,0.286,0.688,0.688,0.478,0.333,3156,1528,1628,48.4,8.7,0.891,San Jose Sharks,2021
82,28,39,6,71,43.3,2.317,2.841,0.578,14.7,56,70,381,80.7,25.3902,30.1829,0.442,0.231,0.63,0.786,0.417,0.304,5338,2695,2643,50.5,9.1,0.906,Columbus Blue Jackets,2001
82,22,47,5,57,34.8,2,3.11,0.578,14,50,52,356,83,24.9512,30.1098,0.459,0.111,0.611,0.773,0.261,0.263,5309,2657,2652,50,8,0.897,Columbus Blue Jackets,2002
82,29,42,3,69,42.1,2.598,3.207,0.6429,17.3,71,60,410,85.3,26.1341,32.2073,0.5,0.25,0.56,0.719,0.5,0.328,5505,2676,2829,48.6,9.9,0.9,Columbus Blue Jackets,2003
82,25,45,4,62,37.8,2.159,2.902,0.6519,14.5,58,50,401,85.2,27.8049,31.9878,0.405,0.222,0.692,0.76,0.48,0.245,5471,2615,2856,47.8,7.8,0.909,Columbus Blue Jackets,2004
82,35,43,4,74,45.1,2.622,3.366,0.8188,14.2,64,95,451,81.8,27.439,33.6829,0.559,0.333,0.6,0.882,0.529,0.391,5033,2487,2546,49.4,9.6,0.9,Columbus Blue Jackets,2006
82,33,42,7,73,44.5,2.39,2.976,0.8496,14.8,65,85,438,81.2,27.7195,28.5976,0.697,0.204,0.8,0.808,0.351,0.45,4638,2326,2312,50.1,8.6,0.896,Columbus Blue Jackets,2007
82,34,36,12,80,48.8,2.317,2.561,0.8968,14.9,53,63,356,83.3,29.0366,27.4268,0.676,0.2,0.778,0.857,0.4,0.441,4630,2420,2210,52.3,8,0.907,Columbus Blue Jackets,2008
82,41,31,10,92,56.1,2.683,2.72,1.1567,12.7,41,62,322,82.1,28.9024,27.8171,0.683,0.317,0.714,0.875,0.442,0.568,4681,2397,2284,51.2,9.3,0.902,Columbus Blue Jackets,2009
82,32,35,15,79,48.2,2.61,3.037,0.8155,18.2,56,61,308,81.7,28.5122,30.6585,0.526,0.273,0.481,0.686,0.367,0.4,4558,2324,2234,51,9.2,0.901,Columbus Blue Jackets,2010
82,34,35,13,81,49.4,2.561,3.049,0.8773,13.9,42,62,301,80.2,30.561,29.8415,0.611,0.261,0.773,0.826,0.419,0.417,4804,2459,2345,51.2,8.4,0.898,Columbus Blue Jackets,2011
82,29,46,7,65,39.6,2.415,3.134,0.7952,15.5,49,64,317,76.6,29.9268,30.939,0.575,0.143,0.818,0.742,0.265,0.422,4793,2439,2354,50.9,8.1,0.899,Columbus Blue Jackets,2012
48,24,17,7,55,57.3,2.396,2.396,1.037,14.2,22,25,155,82.6,26.7292,29.9167,0.6,0.429,0.727,1,0.538,0.484,2802,1457,1345,52,9,0.92,Columbus Blue Jackets,2013
82,43,32,7,93,56.7,2.756,2.61,1.0567,19.3,54,50,280,82.1,29.6463,30.7805,0.68,0.281,0.733,0.829,0.529,0.522,4824,2487,2337,51.5,9.3,0.915,Columbus Blue Jackets,2014
82,42,35,5,89,54.3,2.768,3.024,0.8765,21.7,53,60,244,80.2,28.8537,33.439,0.73,0.333,0.815,0.833,0.417,0.558,5068,2498,2570,49.3,9.6,0.91,Columbus Blue Jackets,2015
82,34,40,8,76,46.3,2.598,3.024,0.9317,17.3,43,53,248,81,29.1098,31.0976,0.629,0.255,0.68,0.846,0.333,0.468,5043,2471,2572,49,8.9,0.903,Columbus Blue Jackets,2016
82,50,24,8,108,65.9,3.012,2.354,1.2632,19.9,42,39,211,82.5,30.9756,30.3537,0.7,0.469,0.757,0.892,0.581,0.629,4939,2402,2537,48.6,9.7,0.922,Columbus Blue Jackets,2017
82,45,30,7,97,59.1,2.878,2.756,1.1342,17.2,39,51,227,76.2,33.6707,31.3049,0.652,0.417,0.759,0.833,0.553,0.563,4958,2400,2558,48.4,8.5,0.912,Columbus Blue Jackets,2018
82,47,31,4,98,59.8,3.122,2.817,1.1,15.4,34,30,221,85,31.6098,29.4878,0.786,0.35,0.879,0.941,0.549,0.63,4844,2434,2410,50.2,9.9,0.904,Columbus Blue Jackets,2019
70,33,22,15,81,57.9,2.571,2.614,1.0246,16.4,31,31,189,81.7,32.4571,29.8857,0.667,0.265,0.579,0.667,0.385,0.6,3883,1883,2000,48.5,7.9,0.913,Columbus Blue Jackets,2020
56,18,26,12,48,42.9,2.393,3.286,0.7405,15.4,18,28,117,79,29.0179,32.4107,0.406,0.208,0.45,0.75,0.273,0.357,3061,1387,1674,45.3,8.2,0.899,Columbus Blue Jackets,2021
82,25,39,5,68,41.5,2.049,2.561,0.7468,9.6,36,57,374,84.7,24.6341,28.1341,0.5,0.152,0.45,0.656,0.344,0.286,5433,2612,2821,48.1,8.3,0.909,Minnesota Wild,2001
82,26,35,9,73,44.5,2.378,2.902,0.7468,14.8,55,62,373,82.9,23.8293,28.0122,0.5,0.159,0.545,0.714,0.321,0.327,5643,2738,2905,48.5,10,0.896,Minnesota Wild,2002
82,42,29,1,95,57.9,2.415,2.171,0.936,14.2,52,43,366,86,25.439,28.4756,0.861,0.239,0.955,0.968,0.379,0.569,5445,2550,2895,46.8,9.5,0.924,Minnesota Wild,2003
82,30,29,3,83,50.6,2.293,2.232,1.0333,13.6,46,44,338,84.5,24.1707,29.061,0.478,0.222,0.516,0.625,0.458,0.34,5330,2487,2843,46.7,9.5,0.923,Minnesota Wild,2004
82,38,36,8,84,51.2,2.756,2.585,0.9098,17,77,55,453,87.4,26.7561,30,0.643,0.275,0.783,0.828,0.452,0.468,4890,2363,2527,48.3,10.3,0.914,Minnesota Wild,2006
82,48,26,8,104,63.4,2.744,2.244,1.0574,18.9,72,48,380,86,29.6463,28.7927,0.732,0.439,0.815,0.966,0.674,0.5,4626,2204,2422,47.6,9.3,0.922,Minnesota Wild,2007
82,44,28,10,98,59.8,2.683,2.561,0.9722,18.9,64,49,338,85.2,27.0488,30.1098,0.8,0.216,0.767,0.889,0.5,0.6,4609,2180,2429,47.3,9.9,0.915,Minnesota Wild,2008
82,40,33,9,89,54.3,2.61,2.402,0.9058,20.1,66,36,328,87.6,27.5244,30.7073,0.692,0.302,0.778,0.933,0.576,0.409,4583,2223,2360,48.5,9.5,0.922,Minnesota Wild,2009
82,38,36,8,84,51.2,2.61,2.915,0.8805,19.1,59,53,309,82.7,27.6341,29.4512,0.706,0.292,0.741,0.875,0.438,0.489,4702,2455,2247,52.2,9.4,0.901,Minnesota Wild,2010
82,39,35,8,86,52.4,2.476,2.78,0.8497,18.1,53,53,292,82.8,26.1951,32.0122,0.795,0.186,0.793,0.962,0.231,0.522,4745,2408,2337,50.8,9.5,0.913,Minnesota Wild,2011
82,35,36,11,81,49.4,2.024,2.646,0.7568,15.1,39,51,258,82.1,26.5122,31.3537,0.5,0.385,0.619,0.769,0.375,0.471,4804,2461,2343,51.2,7.6,0.916,Minnesota Wild,2012
48,26,19,3,55,57.3,2.458,2.604,0.8817,17.9,27,26,151,80.7,28.7917,27.0625,0.783,0.32,0.75,0.9,0.577,0.471,2835,1487,1348,52.5,8.5,0.904,Minnesota Wild,2013
82,43,27,12,98,59.8,2.427,2.415,1.15,17.9,45,53,252,78.8,26.5854,27.7195,0.738,0.3,0.769,0.844,0.417,0.541,4703,2393,2310,50.9,9.1,0.913,Minnesota Wild,2014
82,46,28,8,100,61,2.768,2.415,1.1419,15.8,39,32,246,86.3,30.7561,27.622,0.778,0.297,0.844,0.875,0.519,0.667,4995,2491,2504,49.9,9,0.913,Minnesota Wild,2015
82,38,33,11,87,53,2.598,2.488,1.0853,18.5,48,45,259,77.9,28.9512,28.622,0.717,0.139,0.724,0.889,0.4,0.514,4933,2591,2342,52.5,9,0.913,Minnesota Wild,2016
82,49,25,8,106,64.6,3.207,2.512,1.2635,21,47,37,224,83,30.8171,30.061,0.729,0.412,0.818,0.846,0.634,0.579,4909,2550,2359,52,10.4,0.916,Minnesota Wild,2017
82,45,26,11,101,61.6,3.049,2.793,1.1034,20.4,49,51,240,81.2,30.1951,31.3293,0.75,0.357,0.857,0.838,0.581,0.521,4849,2415,2434,49.8,10.1,0.911,Minnesota Wild,2018
82,37,36,9,83,50.6,2.561,2.841,0.9038,20.3,49,44,241,81.7,31.3049,29.5,0.69,0.321,0.773,0.815,0.438,0.485,4869,2404,2465,49.4,8.2,0.904,Minnesota Wild,2019
69,35,27,7,77,55.8,3.159,3.145,1.1143,21.3,46,47,216,77.2,30.1014,30.6522,0.676,0.343,0.704,0.75,0.63,0.405,4016,1945,2071,48.4,10.5,0.897,Minnesota Wild,2020
56,35,16,5,75,67,3.214,2.839,1.1667,17.6,29,31,165,80.8,28.3036,30.4464,0.767,0.462,0.739,0.875,0.714,0.517,3261,1517,1744,46.5,11.4,0.907,Minnesota Wild,2021
48,24,21,3,51,53.1,2.625,2.938,0.9029,13.8,20,28,145,79.7,28.9375,29.6667,0.696,0.32,0.833,0.9,0.6,0.423,2746,1344,1402,48.9,9.1,0.901,Winnipeg Jets,2013
82,37,35,10,84,51.2,2.671,2.817,0.9512,15.4,40,49,259,83.2,30.6829,30.1463,0.6,0.34,0.75,0.76,0.426,0.471,4882,2289,2593,46.9,8.7,0.907,Winnipeg Jets,2014
82,43,26,13,99,60.4,2.72,2.488,1.1484,17.8,48,56,269,81.8,29.7439,28.6585,0.653,0.333,0.676,0.789,0.543,0.5,5065,2476,2589,48.9,9.1,0.913,Winnipeg Jets,2015
82,35,39,8,78,47.6,2.585,2.878,0.9931,14.8,38,61,257,78.4,29.5976,29.5488,0.629,0.277,0.708,0.885,0.524,0.333,4829,2257,2572,46.7,8.7,0.903,Winnipeg Jets,2016
82,40,35,7,87,53,3,3.11,0.9401,18.2,48,62,264,77.5,29.8537,31.0488,0.625,0.357,0.654,0.852,0.474,0.488,4873,2364,2509,48.5,10,0.9,Winnipeg Jets,2017
82,52,20,10,114,69.5,3.329,2.634,1.2222,23.4,64,50,274,81.8,32.2317,31.8659,0.787,0.429,0.882,0.955,0.659,0.579,5055,2649,2406,52.4,10.3,0.917,Winnipeg Jets,2018
82,47,30,5,99,60.4,3.293,2.963,1.0307,24.8,62,52,250,79.2,31.1829,33.4268,0.69,0.45,0.733,0.743,0.621,0.549,4860,2464,2396,50.7,10.6,0.911,Winnipeg Jets,2019
71,37,28,6,80,56.3,3,2.831,0.9718,20.5,42,39,205,77.6,31.2958,32.6056,0.719,0.359,0.857,0.96,0.419,0.583,3969,1988,1981,50.1,9.6,0.913,Winnipeg Jets,2020
56,30,23,3,63,56.3,3.036,2.714,1.0784,23,37,29,161,80.5,29.6607,30.5893,0.679,0.393,0.762,0.864,0.483,0.625,2957,1492,1465,50.5,10.2,0.911,Winnipeg Jets,2021
82,24,50,8,56,34.1,2.012,3.256,0.6158,20,46,65,230,76.7,29.1829,33.1951,0.424,0.204,0.522,0.824,0.385,0.259,5142,2666,2476,51.9,6.9,0.902,Arizona Coyotes,2015
82,35,39,8,78,47.6,2.537,2.976,0.95,17.7,53,69,300,77.3,27.622,30.9634,0.548,0.3,0.538,0.808,0.355,0.46,5050,2762,2288,54.7,9.2,0.904,Arizona Coyotes,2016
82,30,42,10,70,42.7,2.329,3.146,0.7917,16.2,38,59,235,77.3,27.8171,34.1098,0.525,0.214,0.727,0.826,0.353,0.375,5025,2412,2613,48,8.4,0.908,Arizona Coyotes,2017
82,29,41,12,70,42.7,2.512,3.061,0.8485,16.9,41,46,243,79.6,29.878,32.2195,0.5,0.167,0.6,0.677,0.353,0.348,5088,2429,2659,47.7,8.4,0.905,Arizona Coyotes,2018
82,39,35,8,86,52.4,2.549,2.683,0.8408,16.3,42,34,258,85,30.7439,30.8171,0.617,0.286,0.714,0.935,0.425,0.537,4818,2307,2511,47.9,8.3,0.913,Arizona Coyotes,2019
70,33,29,8,74,52.9,2.714,2.614,1.0236,19.2,41,34,214,82.7,31.7143,32.4286,0.667,0.265,0.692,0.815,0.452,0.5,3982,1956,2026,49.1,8.6,0.919,Arizona Coyotes,2020
56,24,26,6,54,48.2,2.679,3.107,0.8696,20.8,37,32,178,80.8,27.4643,30.4643,0.609,0.303,0.615,0.857,0.4,0.441,3108,1525,1583,49.1,9.8,0.898,Arizona Coyotes,2021
82,51,24,7,109,66.5,3.268,2.744,1.121,21,52,44,248,81.4,32.7561,30.7439,0.829,0.415,0.75,0.861,0.688,0.517,4987,2439,2548,48.9,10,0.911,Vegas Golden Knights,2018
82,43,32,7,93,56.7,3,2.78,1.0741,16.8,39,44,232,80.9,34.3171,29.2561,0.643,0.4,0.69,0.903,0.585,0.423,4923,2481,2442,50.4,8.7,0.905,Vegas Golden Knights,2019
71,39,24,8,86,60.6,3.155,2.944,1.0417,22,42,50,191,76.6,34.507,29.3239,0.765,0.351,0.76,0.886,0.596,0.55,4205,2103,2102,50,9.1,0.9,Vegas Golden Knights,2020
56,40,14,2,82,73.2,3.393,2.179,1.3776,17.8,31,19,174,86.8,32.6607,27.2679,0.861,0.45,0.846,0.931,0.769,0.667,3102,1536,1566,49.5,10.4,0.92,Vegas Golden Knights,2021
82,37.5,29.5,4,90,54.9,2.7985,2.7255,1.00345,16.25,65,60.5,374.5,83.85,27.58535,27.1037,0.659,0.253,0.6965,0.845,0.466,0.4,5389,2663,2672.5,49.95,9.8,0.901,League Median,2001
82,37,28,4,91.5,55.8,2.616,2.543,1.00345,15.4,54,51.5,346.5,85.1,27.82925,26.7744,0.6285,0.2765,0.7215,0.831,0.459,0.469,5357.5,2678.5,2664,50.25,9.5,0.902,League Median,2002
82,36,30,5.5,89.5,54.55,2.604,2.689,1.01345,16.15,58,60.5,359.5,83.4,28.39635,28.3232,0.584,0.284,0.6785,0.812,0.4485,0.429,5300,2663.5,2661.5,50.15,9.25,0.907,League Median,2003
82,38.5,29,4,91,55.5,2.543,2.4515,1.0821,16.5,55.5,55,338.5,84.15,28.4939,27.5854,0.6145,0.262,0.704,0.818,0.515,0.395,5341.5,2637.5,2620,50.1,9.45,0.908,League Median,2004
82,42.5,30.5,9,94,57.3,3.0185,3.061,0.99675,18.05,87,82,479,82.25,29.95125,29.9939,0.658,0.3415,0.748,0.846,0.552,0.466,4976.5,2491.5,2488.5,50,10.2,0.8975,League Median,2006
82,42.5,30.5,9,93.5,57,2.921,2.9515,1.0467,17.8,71,67.5,401,82.95,29.40245,29.2683,0.69,0.343,0.7425,0.8375,0.5425,0.4725,4769.5,2356,2404,49.85,9.45,0.905,League Median,2007
82,42,31,9,94,57.3,2.744,2.7075,1.04995,17.7,60.5,63.5,355,82.55,28.7866,28.73785,0.691,0.305,0.77,0.877,0.506,0.474,4621,2321,2324,50,9.4,0.9055,League Median,2008
82,41,30.5,10,92.5,56.4,2.89,2.805,1.00995,18.85,66,64,344.5,81.65,29.59145,29.58535,0.6845,0.3255,0.769,0.8575,0.5285,0.4795,4693,2358,2326,50.5,9.5,0.906,League Median,2009
82,40,32,10,90,54.9,2.677,2.7375,0.9807,18.15,56,58,307.5,82,30.06705,30.01825,0.6665,0.3295,0.736,0.845,0.4745,0.4945,4663,2320.5,2345,49.55,9,0.909,League Median,2010
82,43.5,30,10.5,95.5,58.2,2.738,2.768,1.0165,17.5,52,51,291,82.8,30.4512,30.5732,0.695,0.318,0.75,0.868,0.5,0.5465,4748,2396.5,2373.5,50.45,9.1,0.911,League Median,2011
82,41,30,10,92,56.1,2.6095,2.659,0.97775,17.15,46,49,270,82.05,29.53045,30.14635,0.683,0.329,0.7735,0.855,0.5,0.5105,4740.5,2368.5,2363.5,50.25,8.95,0.9105,League Median,2012
48,24,18,5,55,57.3,2.625,2.604,1.0244,18.4,29,28,163,81.1,28.9375,28.9583,0.696,0.296,0.75,0.857,0.538,0.483,2846,1420,1410,50,9.1,0.905,League Median,2013
82,40,30,9,93,56.7,2.671,2.634,0.9855,17.9,48,48,271,82.1,29.9268,29.4146,0.697,0.308,0.75,0.857,0.5,0.52,4907,2487,2479,50,9,0.913,League Median,2014
82,43,28,10,97.5,59.45,2.726,2.5855,1.0391,18.75,46,46.5,247,80.95,29.9451,29.63415,0.6825,0.3205,0.746,0.836,0.5245,0.511,5017.5,2526,2485,49.8,8.9,0.911,League Median,2015
82,41,31,9,93,56.7,2.6525,2.622,1.0033,18.45,48,46.5,256.5,81.3,29.62805,29.7256,0.6945,0.2905,0.772,0.847,0.489,0.522,4924,2471.5,2473.5,50.15,8.95,0.91,League Median,2016
82,41.5,29.5,9.5,94,57.3,2.7135,2.7075,0.9758,19,46.5,45.5,244.5,80.85,30.31095,30.11585,0.6715,0.3565,0.7415,0.857,0.4885,0.5065,4924.5,2441.5,2478.5,49.85,9.1,0.9105,League Median,2017
82,44,30,10,96,58.5,2.89,2.902,0.994,20.6,51,50,247,80.2,32.1951,31.9024,0.692,0.313,0.75,0.861,0.5,0.5,4987,2472,2499,49.8,9.1,0.909,League Median,2018
82,43,32,9,93,56.7,2.963,2.976,1.0195,19.5,46,45,236,79.9,31.6098,31.5976,0.69,0.321,0.75,0.85,0.509,0.5,4857,2434,2426,50.2,9.4,0.905,League Median,2019
70,36,26,8,79,56.5,3.072,3.057,1.0236,19.9,42,42,211,80.5,31.3913,31.2609,0.676,0.324,0.75,0.857,0.474,0.559,3990,2014,2000,50,9.5,0.903,League Median,2020
56,27,23,7,60,53.6,2.839,2.857,1.0667,20,32,32,160,79.9,29.6964,30.0357,0.7,0.321,0.739,0.862,0.485,0.455,3118,1528,1560,50.1,9.5,0.903,League Median,2021
